Codice,Nome,Designer,Materiale_Rivestimento,Solo_Pelle,Solo_Tessuto,Mix_Pelle_Tessuto_Possibile,Sfoderabile,Meccanismi_Relax,Poggiatesta_Regolabile,Funzione_Letto,Modulare,Struttura_Interna,Piedi_Materiale,Piedi_Finiture,Piedi_Altezza_cm,Piedi_Assemblati,Cuscino_Seduta_Stato,Cuscino_Spalliera_Stato,Note_Versioni_Configurazioni,Anno_Nascita,Imbottitura_Memory_Foam,Imbottitura_Climalight,Imbottitura_Piuma,Piedi_Ant_Post_Diversi,Opzione_Batteria,Porta_USB,Laterali_Componibile_Materiale,Tipo_Cuciture_Speciali,Contrasto_Filo_Bordino,Note_Restrizioni_Materiali,Note_Caratteristiche_Speciali
1800,Accessori,Natuzzi Design Center,Pelle/Tessuto,Non Specificato,Non Specificato,Sì,Non Specificato,No,No,No,No,Non Specificato,Non Specificato,Non Specificato,Non Specificato,Non Specificato,Non Specificato,Non Specificato,"Versioni pelle: cuscino perforato. V.122 (quadrato): fiocco, senza bordino. V.222 (quadrato): piuma, con bordino. V.238 (quadrato): piuma, senza bordino. V.376 (quadrato): fiocco, con impuntura. V.385 (rettangolare): fiocco, con impuntura. V.112 (poggiareni): fiocco. V.245 (rettangolare con fascia): fiocco. V.119 (quadrato con fascia): fiocco. V.124 (rullo): fiocco. BICOLORE: 1°Riv=Cuscino (solo V.222), 2°Riv=Bordino.",Non Specificato,No,No,Sì,Non Specificato,No,No,Non Applicabile,Impuntura,Sì,Non Specificato,Imbottitura Fiocco o Piuma a seconda della versione.
1921,Bracque,Non Specificato,Pelle/Tessuto,Sì,No,No,No,No,No,No,No,Legno,Non Specificato,"Non Specificato",3.0,No,Fisso,Non Specificato,"Disponibile con tessuti accents. PELLE: Disponibile solo in pelle Top Grain.",Non Specificato,No,No,No,No,No,No,Non Applicabile,Nessuna,No,"Disponibile solo in pelle Top Grain.",Cuscino seduta fisso (unito alla struttura). Piedi in busta.
2012,Scacco,Natuzzi Design Center,Pelle/Tessuto,No,No,Sì,Non Specificato,No,No,No,No,Non Specificato,Non Specificato,"Non Specificato",Non Specificato,Non Specificato,Non Specificato,Non Specificato,"Disponibile in tutti i tessuti Natuzzi Italia compreso Byborre. Secondo rivestimento (fasce logo) sempre in pelle Le Mans.",Non Specificato,No,No,No,Non Specificato,No,No,Non Applicabile,Nessuna,Sì,"Pelle: da cat.15 (Le Mans). Non disponibile in pelle Misterbianco (cat.30), Cassidy (cat.60).","Imbottitura in polistirolo riciclato, leggero."
2030,Plaza,Non Specificato,Pelle/Tessuto,No,No,No,No,No,No,No,Sì,Legno,Legno/Metallo,"Legno: 09 (Noce), 18 (Wengè); Metallo: 75 (Nichel Satinato)",6.5,No,Fisso,Fisso,"Laterale del divano componibile non in pelle (rivestito in tessuto).",Non Specificato,No,No,No,No,No,No,Tessuto,Nessuna,No,Non Specificato,Best seller. Bracciolo particolare. Piedi in busta.
2422,Amadeus,Non Specificato,Pelle,Sì,No,Sì,No,No,No,No,No,Legno,Legno,"09 (Noce), 18 (Wengè) con base in nickel satinato 75",10.0/8.5,No,Volante,Con Cerniera,"Modello disponibile con bordino a contrasto (secondo rivestimento stessa categoria).",Non Specificato,No,No,No,Sì,No,No,Non Applicabile,Nessuna,Sì,"Solo Pelle. Non disponibile in pelle Misterbianco (cat.30).","Piedi anteriori più alti dei posteriori. Piedi in busta."
2570,Avana,Natuzzi Design Center,Non Specificato,Non Specificato,Non Specificato,No,No,No,Sì,No,Sì,Legno,Legno,"09 (Noce), 18 (Wengè)",4.5,No,Fisso,Fisso,"Poggiatesta regolabile su tutte le versioni tranne angolari. Kit bracciolo e poggiatesta disponibili nelle finiture 75 (Nichel Satinato) / 77 (Cromato Lucido). Laterale divano componibile non in pelle.",2009,No,No,No,No,No,No,Tessuto,Trapuntatura (seduta),Sì (Filo),Non Specificato,"Best seller. Design moderno, seduta trapuntata, struttura tubolare metallica bracciolo, inserto metallo nel piedino. Piedi in busta."
2603,Altea,Natuzzi Design Center,Non Specificato,Non Specificato,Non Specificato,No,No,No,No,No,No,Legno,Legno,"09 (Noce), 18 (Wengè)",12.0/9.0,No,Fisso,Fisso,Non Specificato,Non Specificato,No,No,No,Sì,No,No,Non Applicabile,Nessuna,No,Non Specificato,"Piedi anteriori più alti dei posteriori. Piedi in busta."
2654,Marlene,Paola Navone,Non Specificato,Non Specificato,Non Specificato,No,Sì,No,No,No,No,Legno,Legno,"09 (Noce), 18 (Wengè)",13.0/8.0,No,Fisso,Fisso,"Disponibile anche sfoderabile con codice Rxxx.",Non Specificato,No,No,No,Sì,No,No,Non Applicabile,Nessuna,No,Non Specificato,"Piedi anteriori più alti dei posteriori. Piedi in busta."
2657,Natalie,Paola Navone,Non Specificato,Non Specificato,Non Specificato,Sì,No,No,No,No,No,Legno,Legno,"09 (Noce), 18 (Wengè)",18.0/13.0,No,Volante,Fisso,"Disponibile con bordino a contrasto (secondo rivestimento stessa categoria).",Non Specificato,Sì,No,No,Sì,No,No,Non Applicabile,Nessuna,Sì,Non Specificato,"Cuscino seduta con strato memory foam. Piedi anteriori con ruote, più alti dei posteriori. Piedi in busta."
2661,Platea,Natuzzi Design Center,Non Specificato,Non Specificato,Non Specificato,No,No,No,No,No,No,Legno,Metallo,"75 (Nichel Satinato)",18.0,No,Fisso,Fisso,Non Specificato,Non Specificato,No,No,No,No,No,No,Non Applicabile,Nessuna,No,Non Specificato,Piedi in busta.
2705,Anteprima,Claudio Bellini,Non Specificato,Non Specificato,Non Specificato,No,No,No,No,No,No,Legno,Metallo,"77 (Cromo Lucido), 78 (Cromo Nero)",11.5,Sì,Volante,Fisso,Non Specificato,Non Specificato,No,No,No,No,No,No,Non Applicabile,Nessuna,No,Non Specificato,Piedi già montati.
2715,Cammeo,"Tapinassi & Manzoni",Non Specificato,Non Specificato,Non Specificato,No,No,No,No,No,No,Metallo,Non Specificato,"77 (Cromo lucido), 57 (Cacao ruvido)",Non Specificato,Sì,Con Cerniera,Con Cerniera,"Specificare colore (01 Bianco, 02 Nero, 03 Marrone Scuro) per rivestimento esterno retro spalliera.",2011,No,No,No,No,No,No,Non Applicabile,Nessuna,No,Non Specificato,Piedi già montati.
2717,Bis,Non Specificato,Non Specificato,Non Specificato,Non Specificato,No,No,No,No,No,No,Legno,Non Specificato,"Non Specificato",2.0,No,Non Specificato,Non Specificato,Non Specificato,Non Specificato,No,No,No,No,No,No,Non Applicabile,"Cucitura a mocassino (sempre tortora)",No,Non Specificato,Piedi in busta.
2784,Notturno,Natuzzi Design Center,Pelle/Tessuto,No,No,No,No,Letto (Pronto-letto),Sì,Sì,No,Legno,Legno,"09 (Noce), 18 (Wengè)",6.5,No,Volante,Fisso,"Poggiatesta regolabile su tutte le versioni. Dotato di porta guanciale posteriore.",Non Specificato,No,No,No,No,No,No,Non Applicabile,Nessuna,No,"Pelle: Non disponibile in pelle Misterbianco (cat.30).","Divano-letto innovativo, apertura 'Pronto-letto'. Ideale per spazi contenuti. Piedi in busta."
2811,Tratto,Maurizio Manzoni,Non Specificato,Non Specificato,Non Specificato,No,No,No,No,No,No,Legno,Metallo,"77 (Cromo Lucido), 78 (Cromo Nero)",15.0,No,Fisso,Fisso,"Tutti i rivestimenti disponibili con filo a contrasto (colore filato sempre tortora se scelto, altrimenti tono su tono).",Non Specificato,No,No,No,No,No,No,Non Applicabile,"Zig-zag",Sì (Filo),Non Specificato,"Design elegante, dimensioni compatte, base in metallo lucido. Piedi in busta."
2821,Volo,Natuzzi Design Center,Pelle/Tessuto,No,No,Sì,No,"Recliner (ZeroWall)",Sì,No,Sì,Legno,Metallo,"77 (Cromo Lucido)",11.0,No,Fisso,Fisso,"Meccanismo ZeroWall. Poggiatesta regolabile tutte versioni. Pulsante unico (poggiatesta > poggiapiedi > posizione TV). V.200/201 poggiatesta regolabile seduta terminale. V.480/481 poggiatesta regolabile lato terminale e angolo lato corto. Disponibile vers. 830 Battery Bank. Laterale divano componibile non in pelle.",Non Specificato,Sì,No,No,No,Sì,No,Tessuto,Nessuna,Sì (Filo),Non Specificato,"Compatto, versatile. Compromesso comfort, funzionalità, stile. Cuscino seduta con memory foam. Imballo in scatola per versioni meccanizzate. Piedi in busta."
2826,Borghese,Natuzzi Design Center,Pelle/Tessuto,No,No,No,No,No,Sì,No,Sì,Legno,Legno/Metallo,"Legno: 18 (Wengè); Disponibile con base metallo (V826).",16.0,No,Fisso,Fisso,"Poggiatesta regolabile tutte versioni. V.200/201 poggiatesta regolabile seduta terminale. V.480/481 poggiatesta regolabile lato terminale e angolo lato corto. V. seconda opzione (277/279) chaise longue più ampie di V. standard (047/049). Conf. 016+017 e 018+019 non consentite. Laterale divano componibile in pelle.",Non Specificato,Sì,No,No,No,No,No,Pelle,"Cuciture particolari sui braccioli",No,"Pelle: Non disponibile in pelle Misterbianco (cat.30).","Design ricercato, base legno o metallo, forme morbide. Cuscino seduta con memory foam. Piedi in busta."
2828,Diesis,Natuzzi Design Center,Pelle/Tessuto,No,No,Sì,No,"Recliner (ZeroWall), Letto, Contenitore",Sì,Sì,Sì,Legno,Legno,"09 (Noce), 18 (Wengè)",4.5,No,"Uniti alla struttura","Uniti alla struttura","Disponibile con bordino a contrasto. Disponibile come divano-letto (materasso Greenplus). Meccanismo Soft Touch (bottoni tra bracciolo/seduta). Meccanismo ZeroWall. Poggiatesta regolabile manualmente (tranne versioni angolari). Chaise longue (377-379) contenitore. Non ordinare versioni con meccanismo (338/328, 450/452, 360/362) accostate a V. angolare (011) o chaise longue (047/049, 377/379). Disponibile vers. 830 Battery Bank. Laterale divano componibile non in pelle.",2013,No,No,No,No,Sì,No,Tessuto,Nessuna,Sì (Bordino),"Pelle: Non disponibile in pelle Misterbianco (cat.30).","Proporzioni compatte. Tecnologia e relax. Piedi in busta."
2834,Tempo,"Manzoni e Tapinassi",Pelle/Tessuto,No,No,No,No,No,No,No,Sì,Legno,Metallo,"Unica: metallo grigio scuro verniciato a polvere",14.0,No,Volante,Volante,"Tutte le pelli disponibili con filo a contrasto (colore filato sempre tortora se scelto, altrimenti tono su tono). V. seconda opzione (277/279) chaise longue più ampie di V. standard (047/049). V.363 ha braccioli differenti. Laterale divano componibile in pelle.",Non Specificato,Sì,No,No,No,No,No,Pelle,Nessuna,Sì (Filo),"Pelle: Non disponibile in pelle Misterbianco (cat.30).","Design sofisticato, senza tempo. Abbinabile a tavolini omonimi. Cuscino seduta con memory foam. Piedi in busta."
2847,Viaggio,"Tapinassi & Manzoni",Non Specificato,Non Specificato,Non Specificato,No,No,No,No,No,No,Legno,Legno/Metallo,"Legno: 18 (Wengè), 55 (Frassino Miele). Braccioli: metallo laccato caffè (con struttura Wengè 18) o laccato beige (con struttura Frassino Miele 55).",26.0/19.0,Sì,Fisso,Volante,Non Specificato,2013,No,No,No,Sì,No,No,Non Applicabile,Nessuna,No,Non Specificato,"Piedi anteriori più alti dei posteriori. Piedi già montati."
2855,Opus,Non Specificato,Pelle/Tessuto,No,No,Sì,No,No,No,No,Sì,Legno,Metallo,"75 (Nichel Satinato), 77 (Cromo Lucido)",12.0,No,Con Cerniera,Con Cerniera,"V.001/056/057/068/069 hanno 1 cuscino poggiareni. V.032/033 hanno 2 cuscini piccoli e 1 grande. V.038/039 hanno 1 cuscino piccolo. V.047/049 hanno 1 cuscino piccolo e 1 cuscino poggiareni. MIX PELLE-TESSUTO: 1°Pelle=Scocca, 2°Tessuto=Cuscini seduta/spalliera, 3°Tessuto=Cuscino piccolo/poggiareni. TRE TONI TESSUTO: 1°=Scocca, 2°=Cuscini seduta/spalliera, 3°=Cuscino piccolo/poggiareni.",Non Specificato,Sì,No,No,No,No,No,Non Applicabile,Nessuna,Sì,"Pelle: Non disponibile in pelle Misterbianco (cat.30). Categorie Mix Pelle/Tessuto definite.",Elegante; contemporaneo; versatile. Seduta profonda; cuscini poggiareni volanti. Altamente modulare (piedini gomma). Cuscino seduta con memory foam. Piedi in busta. Look fluttuante.
2882,Logos,Non Specificato,Pelle/Tessuto,No,No,Sì,No,"Recliner (Meccanizzato)",No,No,Sì,Legno,Metallo,"V.066 Base metallo: 79 (Nero Opaco)",4.5,No,Fisso,Fisso,"V.066: Base in metallo disponibile nelle finiture 79 (Nero Opaco). MIX PELLE-TESSUTO: 1°Pelle=Scocca, 2°Tessuto=Cuscini seduta/spalliera.",Non Specificato,Sì,No,No,No,No,No,Non Applicabile,Nessuna,Sì,"Categorie Mix Pelle/Tessuto definite.","Cuscino seduta con memory foam. Imballo in scatola per versioni meccanizzate. Piedi in busta."
2896,Capriccio,Natuzzi Design Center,Pelle/Tessuto,No,No,Sì,No,Letto (Pronto letto),No,Sì,No,Legno,Metallo,"77 (Cromo Lucido), 78 (Cromo Nero)",13.0,No,Fisso,Fisso,"Disponibile con bordino a contrasto (secondo rivestimento stessa categoria). Dotato di guanciali in vano nascosto.",2014,No,No,No,No,No,No,Non Applicabile,Nessuna,Sì,"Pelle: Non disponibile in pelle Misterbianco (cat.30).","Divano-letto semplice e raffinato. Forme squadrate. Sistema 'Pronto letto'. Piedi in metallo. Piedi in busta."
2899,Dolly,Non Specificato,Pelle/Tessuto,No,No,Sì,No,No,No,No,No,Legno,Metallo,"77 (Cromo Lucido), 78 (Cromo Nero). V.066 Base metallo: 79 (Nero Opaco)",13.0,No,Fisso,Fisso,"Disponibile con bordino a contrasto (secondo rivestimento stessa categoria). V.066 Base metallo: 79 (Nero Opaco).",Non Specificato,Sì,No,No,No,No,No,Non Applicabile,Nessuna,Sì,Non Specificato,"Cuscino seduta con memory foam. Piedi in busta."
2904,Dorian,"Tapinassi & Manzoni",Pelle/Tessuto,No,No,No,No,No,No,No,Sì,Legno,Metallo (Nascosti),"Non Specificato",3.0,Sì,"Uniti alla struttura","Uniti alla struttura","Disponibile anche in pelle spessorata (codice Sxxx - Art. Cassidy cat.60, Misterbianco cat.30). Laterali completamente rivestiti nelle versioni in pelle.",2014,Sì,No,No,No,No,No,Pelle,Nessuna,No,Non Specificato,"Protagonista dell'ambiente. Volumi abbondanti, forme sinuose. Altamente modulare (piedini gomma). Cuscino seduta con memory foam. Piedi già montati, nascosti, con gommini antigraffio/antiscivolo."
2907,Fidelio,Maurizio Manzoni,Pelle/Tessuto,No,No,No,No,"Recliner (Soft Touch, ZeroWall)",Sì,No,No,Legno,Metallo,"74 (Graphite Grey Rough), 77 (Cromo Lucido), 78 (Cromo Nero)",11.0,Sì,"Uniti alla struttura","Uniti alla struttura","Meccanismo Soft Touch. Meccanismo ZeroWall. Poggiatesta regolabile tutte versioni (elettrico su relax, manuale su fisse). V.560 ha 3 sedute con meccanismo elettrico. Disponibile vers. 830 Battery Bank. Disponibile anche in pelle spessorata (codice Sxxx - Art. Cassidy cat.60, Misterbianco cat.30).",2014,Sì,No,No,No,Sì,No,Non Applicabile,"Pizzicate",No,Non Specificato,"Innovativo, comodo. Struttura ricercata, meccanismi tecnologici. Braccioli con cuciture pizzicate e struttura metallo. Cuscino seduta con memory foam. Piedi già montati."
2911,Long Beach,Claudio Bellini,Pelle/Tessuto,No,No,No,No,No,No,No,Sì,Legno,Metallo,"Metallo",6.0 / 9.0,Sì,Volante,Volante,"Laterale in pelle (pezzi componibili). Possibile variare altezza piede.",Non Specificato,Sì,No,No,No,No,No,Pelle,Nessuna,No,"Pelle: Non disponibile in pelle Misterbianco (cat.30).","Morbido, accogliente. Altezza piede regolabile. Braccioli sottili. Cuscino seduta con memory foam. Piedi già montati."
2913,Aura,Non Specificato,Non Specificato,Non Specificato,Non Specificato,No,No,No,No,No,No,Non Specificato,Legno,"29 (Rovere Caffè), 32 (Rovere Affumicato), 33 (Noce Olivato; a pagamento)",Non Specificato,Sì,Volante,Volante,Non Specificato,Non Specificato,No,No,No,No,No,No,Non Applicabile,Nessuna,No,Non Specificato,Piedi già montati.
2954,Iago,Marek Bujanowski,Pelle/Tessuto,No,No,No,No,"Recliner (Soft Touch, ZeroWall)",Sì,No,Sì,Legno,Non Specificato,"Non Specificato",5.0,No,"Uniti alla struttura","Uniti alla struttura","Meccanismo Soft Touch. Meccanismo ZeroWall. Poggiatesta regolabile (manuale su fisse). V. angolo (489) entrambi i poggiatesta regolabili. Disponibile vers. 830 Battery Bank. Laterale divano componibile non in pelle.",2015,Sì,No,No,No,Sì,No,Tessuto,Nessuna,No,Non Specificato,"Forme squadrate e lineari, morbidezza imbottiture. Seduta bassa. Sistemi relax. Cuscino seduta con memory foam. Piedi in busta."
2957,Philo,Marek Bujanowski,Pelle/Tessuto,No,No,No,No,"Recliner (Soft Touch, ZeroWall)",Sì,No,No,Legno,Metallo,"74 (Grigio grafite opaco), 77 (Cromo lucido), 78 (Cromo nero)",13.0,No,"Uniti alla struttura","Uniti alla struttura","Meccanismo Soft Touch. Meccanismo ZeroWall. Poggiatesta regolabile (manuale su fisse). V.560 ha 3 sedute con meccanismo elettrico. Disponibile vers. 830 Battery Bank.",2015,No,No,No,No,Sì,No,Non Applicabile,Trapuntatura,No,"Pelle: Non disponibile in pelle Misterbianco (cat.30).","Stile inconfondibile, trapuntatura accurata, piedi metallici. Rigoroso e morbido. Piedi in busta."
2959,Duca,Natuzzi Design Center,Pelle/Tessuto,No,No,No,No,"Recliner (Soft Touch, ZeroWall)",Sì,No,No,Legno,Metallo,"74 (Graphite Grey Rough), 77 (Cromo Lucido), 78 (Cromo Nero)",13.0,No,"Uniti alla struttura","Uniti alla struttura","Meccanismo Soft Touch. Meccanismo ZeroWall. Poggiatesta regolabile (manuale su fisse). Disponibile vers. 830 Battery Bank.",2015,Sì,No,No,No,Sì,No,Non Applicabile,Nessuna,No,Non Specificato,"Imponente, pregiata manifattura. Comfort elevato. Larghi braccioli, ampie sedute. Ammirabile a 360°. Cuscino seduta con memory foam. Piedi in busta."
2981,Herman,"Manzoni e Tapinassi",Tessuto,No,Sì,Sì,No,No,No,No,Sì,Legno,Metallo,"80 (peltro), 81 (bronzo satinato)",4.5,Sì,Fisso,Volante,"Ordinabile in pelle (codice V981, estetica diversa). Disponibile con bordino Gros-Grain (2.5cm, 2°Riv, non su V.100/105/539/556). V. seconda opzione (277/279, 382/384) cuscino bracciolo altezza spalliera. Laterale componibile in tessuto.",Non Specificato,Sì,No,No,No,No,No,Tessuto,Eleganti,Sì (Bordino),"Non disponibile in tessuto Portavenezia.","Sedute profonde, accoglienti, chaise-longue. Cuscini coordinati. Braccioli essenziali, cuciture eleganti. Sostegno metallico esterno. Altamente modulare (piedini gomma). Cuscino seduta con memory foam. Piedi già montati."
2987,Jeremy,"Manzoni e Tapinassi",Pelle,Sì,No,No,No,No,No,No,Sì,Legno,Metallo,"80 (peltro)",17.0,No,Volante,Volante,"Laterale in pelle (pezzi componibili).",Non Specificato,Sì,No,No,No,No,No,Pelle,Nessuna,No,"Pelle: Non disponibile in pelle Misterbianco (cat.30).","Grande essenzialità. Gioco incastri base/bracciolo/schienale. Piedini regolari. Ideale contesti contemporanei o classici. Cuscino seduta con memory foam. Piedi in busta."
2996,Ilia,Mauro Lipparini,Pelle/Tessuto,No,No,Sì,No,"Batteria ricaricabile",No,No,No,Metallo,Metallo/Legno,"Base: metallo 80 (peltro). Pannello laterale: legno 32 (Rovere Affumicato), 34 (Noce Invecchiato), 35 (Radica Frisé)",Non Specificato,Sì,Fisso,Fisso,"Disponibile con bordino Gros-Grain (3cm, 2°Riv). Modello con batteria ricaricabile integrata.",2016,No,No,No,No,Sì,No,Non Applicabile,Nessuna,Sì,"Pelle: da cat.15 (Le Mans). Non disponibile in pelle Misterbianco (cat.30), Cassidy (cat.60).","Piedi già montati."
3000,La Scala,Claudio Bellini,Pelle,Sì,No,No,No,No,No,No,No,Non Specificato,Metallo,"78 (Cromo Nero)",12.5,No,Volante,Fisso,Non Specificato,Non Specificato,Sì,No,No,No,No,No,Non Applicabile,Capitonné,No,"Pelle: Non disponibile in pelle Misterbianco (cat.30).","Reinterpretazione moderna chester. Capolavoro artigianato. Linee tese, dettaglio capitonné, morbidezza cuscini. Pregiate imbottiture. Cuscino seduta con memory foam. Piedi in busta."
3003,Leyra,Non Specificato,Non Specificato,Non Specificato,Non Specificato,Sì,No,No,No,No,No,Legno,Metallo,"77 (Cromo Lucido), 78 (Cromo Nero)",12.5,No,Fisso,Fisso,"Disponibile con bordino a contrasto (secondo rivestimento stessa categoria).",Non Specificato,No,No,No,No,No,No,Non Applicabile,Nessuna,Sì,Non Specificato,Piedi in busta.
3004,Milano,Non Specificato,Pelle/Tessuto,No,No,No,No,No,No,No,No,Legno,Metallo,"78 (Cromo Nero)",14.0,No,Fisso,Fisso,Non Specificato,Non Specificato,No,No,No,No,No,No,Non Applicabile,Nessuna,No,"Pelle: da cat. A0. Non disponibile in pelle Misterbianco (cat.30).","Compatto, stile, eleganza. Effetto vintage. Ideale spazi urban/metropolitani. Alta versatilità configurazioni/rivestimenti. Piedi in busta."
3029,Galaxy,Non Specificato,Pelle,Sì,No,No,No,"Recliner (Dual Power)",Sì,No,Sì,Legno,Non Specificato,"Non Specificato",4.0,No,"Uniti alla struttura","Uniti alla struttura","Ordinabile in tessuto (codice V029). Meccanismo Dual Power (Recliner e Poggiatesta elettrico, tilt manuale). Pulsantiera interna. Disponibile vers. 830 Battery Bank.",Non Specificato,No,No,No,No,Sì,No,Non Applicabile,Nessuna,No,"Pelle: Non disponibile in pelle Misterbianco (cat.30).","Galassia comfort, design, innovazione. Linee avvolgenti, modularità estrema, funzioni salva-spazio, recliner nuova generazione. Altamente modulare (piedini gomma). Piedi in busta."
3030,Balance,Natuzzi Design Center,Pelle/Tessuto,No,No,Sì,No,"Recliner (Soft Touch, ZeroWall)",Sì,No,Sì,Legno,Legno,"09 (Noce), 18 (Wengè)",4.0,No,"Uniti alla struttura","Uniti alla struttura","Poggiatesta regolabile su ogni seduta. Meccanismo Soft Touch. Meccanismo ZeroWall. Disponibile vers. 830 Battery Bank. Laterale divano componibile non in pelle. TESSUTO: bordino/dettagli (2° riv) in pelle Le Mans.",2017,No,No,No,No,Sì,No,Tessuto,Nessuna,Sì,"Pelle: Filo contrasto disponibile (selezione Nares). Non disponibile in pelle Misterbianco (cat.30).","Protagonista living. Poggiareni integrato. Piedi in busta."
3031,Tulip,Non Specificato,Pelle/Tessuto,No,No,No,No,No,No,No,No,Metallo,Metallo,"Base: metallo 80 (peltro)",Non Specificato,Sì,Fisso,Fisso,Non Specificato,Non Specificato,No,No,No,No,No,No,Non Applicabile,Nessuna,No,"Pelle: da cat.15 (solo Le Mans). Non disponibile in pelle Misterbianco (cat.30).","Piedi già montati."
3032,Kendo,"Tapinassi & Manzoni",Pelle/Tessuto,No,No,Sì,No,No,No,No,Sì,Legno,Legno/Metallo,"Legno: 32 (Rovere Affumicato) con inserto ottone, 33 (Noce Olivato; a pagamento) con inserto peltro",14.0,No,"Uniti alla struttura","Uniti alla struttura","Disponibile pelle spessorata (codice Sxxx - Art. Cassidy cat.60, Misterbianco cat.30). TESSUTO: bordino/dettagli (2° riv) in pelle Le Mans. Laterali completamente rivestiti nelle versioni in pelle.",2017,Sì,No,No,No,No,No,Pelle,Nessuna,Sì,Non Specificato,"Connubio modularità, artigianalità, design. Personalità raffinata, dettagli preziosi. Cuscino seduta con memory foam. Piedi in pacco separato."
3033,Aftereight,Non Specificato,Non Specificato,Non Specificato,Non Specificato,No,No,No,No,No,No,Legno,Metallo,"77 (Cromo Lucido), 78 (Cromo Nero)",22.0/14.5,No,Volante,Con Cerniera,Non Specificato,Non Specificato,No,No,No,Sì,No,No,Non Applicabile,Nessuna,No,Non Specificato,"Piedi anteriori più alti dei posteriori. Piedi in busta."
3035,Stan,Enrique Marti,Pelle/Tessuto,No,No,Sì,No,"Recliner (Dual Power, ZeroWall)",Sì,No,No,Legno,Metallo,"77 (Cromo Lucido), 78 (Cromo Nero)",11.0,No,"Uniti alla struttura","Uniti alla struttura","Meccanismo Dual Power (Recliner e Poggiatesta elettrico, tilt manuale). Pulsantiera interna. Meccanismo ZeroWall. Disponibile vers. 830 Battery Bank. TESSUTO: bordino/dettagli (2° riv) in pelle Le Mans.",2017,No,No,No,No,Sì,No,Non Applicabile,Nessuna,Sì,"Pelle: Non disponibile in pelle Misterbianco (cat.30).","Semplicità, versatilità. Ideale ogni spazio/stile. Relax inedito. Piedi in busta."
3039,Melpot,Non Specificato,Pelle/Tessuto,No,No,Sì,No,"Poggiatesta regolabile",Sì,No,Sì,Legno,Non Specificato,"Non Specificato",6.0,No,Con Cerniera,Volante,"Altamente modulare. Include pouf, librerie (a giorno/con pannello, agganciabili o free-standing), contenitori legno. V. second option con seduta trapuntata e poggiatesta regolabile. Cuscino quadrato (V.122) sempre mix pelle/tessuto. Cuscini spalliera volanti (ordinare separatamente: 110, 108, 122, 556). Cuscino 556 regolabile (cricchetto). Dettagli ordine librerie (codice LIB).",Non Specificato,No,Sì,Sì,No,No,No,Non Applicabile,Trapuntatura (V. opz.),Sì,"Pelle: Non disponibile in pelle Misterbianco (cat.30).","Teatralità espressiva, infinite composizioni. Volumi geometrici morbidi. Flessibilità ad personam. Imbottitura Climalight (seduta), Piuma (cuscini volanti). Struttura divano imbottita. Piedi in busta."
3040,Luna,Non Specificato,Pelle/Tessuto,No,No,Sì,No,No,No,No,No,Legno,Legno/Metallo,"Piedi: 29 (Rovere Caffè), 32 (Rovere Affumicato). V.066 Base metallo: 79 (Nero Opaco)",18.0,No,Fisso,Fisso,"V.066 Base metallo: 79 (Nero Opaco). MIX PELLE-TESSUTO: 1°Pelle=Retro scocca & Bordino, 2°Tessuto=Rivestimento interno e cuscino seduta. TESSUTO: bordino/dettagli (2° riv) in pelle Le Mans.",Non Specificato,No,No,No,No,No,No,Non Applicabile,Nessuna,Sì,"Categorie Mix Pelle/Tessuto definite. Pelle: Non disponibile in pelle Misterbianco (cat.30).","Piedi in busta."
3042,Estro,Non Specificato,Pelle/Tessuto,No,No,No,No,No,No,No,No,Legno,Metallo,"77 (Cromo Lucido), 78 (Cromo Nero)",21.0,No,Fisso,Con Cerniera,Non Specificato,Non Specificato,No,No,No,No,No,No,Non Applicabile,Nessuna,No,"Pelle: Non disponibile in pelle Misterbianco (cat.30).","Comfort, compattezza. Linee essenziali, contemporanee. Materiali e lavorazioni alta qualità. Piedi in busta."
3045,Brooklyn,Non Specificato,Non Specificato,Non Specificato,Non Specificato,No,No,No,Sì,No,Sì,Legno,Metallo,"77 (Cromo Lucido), 78 (Cromo Nero)",15.5,No,Fisso,Fisso,"V. angolo (489) entrambi i poggiatesta regolabili. Laterale in pelle (pezzi componibili).",Non Specificato,No,No,No,No,No,No,Pelle,Nessuna,Sì (Filo),Non Specificato,"Contemporaneità metropolitana. Valore, eleganza. Rappresentanza, versatile. Piedi in busta."
3049,Brick,Natuzzi Design Center,Pelle/Tessuto,No,No,Sì,No,"Recliner (ZeroWall)",Sì,No,Sì,Legno,Legno,"09 (Noce), 18 (Wengè)",4.0,No,"Uniti alla struttura","Uniti alla struttura","Disponibile con bordino a contrasto. Meccanismo ZeroWall. Poggiatesta regolabile manualmente (versioni fisse). Disponibile vers. 830 Battery Bank. Laterale divano componibile non in pelle.",2017,No,No,No,No,Sì,No,Tessuto,Nessuna,Sì (Bordino),"Pelle: Non disponibile in pelle Misterbianco (cat.30).","Classico comfort avvolgente. Versatilità configurazioni/rivestimenti. Linee morbide, funzioni recliner. Piedi in busta."
3050,Dodi,Non Specificato,Pelle/Tessuto,No,No,Sì,No,No,No,No,No,Legno,Metallo,"77 (Cromo Lucido), 78 (Cromo Nero). V.066 Base metallo: 79 (Nero Opaco)",12.5,No,Fisso,Fisso,"V.066 Base metallo: 79 (Nero Opaco). MIX PELLE-TESSUTO: 1°Pelle=Rivestimento interno spalliera, 2°Tessuto=Retro scocca e cuscino seduta.",Non Specificato,No,No,No,No,No,No,Non Applicabile,Nessuna,Sì,"Categorie Mix Pelle/Tessuto definite. Pelle: Non disponibile in pelle Misterbianco (cat.30).","Piedi in busta."
3053,Talia,Non Specificato,Pelle/Tessuto,No,No,Sì,No,No,No,No,No,Metallo,Metallo,"78 (Cromo Nero)",33.0/26.5,No,Fisso,Fisso,"MIX PELLE-TESSUTO: 1°Pelle=Cuscino spalliera, cuscino seduta, bordino, 2°Tessuto=Scocca. TESSUTO: bordino/dettagli (2° riv) in pelle Le Mans.",Non Specificato,No,No,No,Sì,No,No,Non Applicabile,Nessuna,Sì,"Categorie Mix Pelle/Tessuto definite. Pelle: Non disponibile in pelle Misterbianco (cat.30).","Piedi anteriori più alti dei posteriori. Piedi in busta."
3061,Pliè,Natuzzi Design Center,Pelle/Tessuto,No,No,No,No,"Recliner (Triple-Motion, ZeroWall)",Sì,No,Sì,Legno,Legno,"09 (Noce), 18 (Wengè)",4.5,No,"Uniti alla struttura","Uniti alla struttura","Funzioni Triple-Motion (schienale, poggiapiedi, poggiatesta) su ogni seduta. Pulsantiera esterna bracciolo (o laterale). Meccanismo ZeroWall. Disponibile vers. 830 Battery Bank. Laterale divano componibile in pelle.",2017,No,No,No,No,Sì,No,Pelle,Nessuna,No,"Pelle: Non disponibile in pelle Misterbianco (cat.30).","Alta artigianalità italiana. Comfort visivo e di seduta. Linee morbide, accoglienti. Piedi in busta."
3062,Rock,Natuzzi Design Center,Pelle/Tessuto,No,No,No,No,"Recliner (Triple-Motion, ZeroWall)",Sì,No,No,Legno,Non Specificato,"Non Specificato",4.5,No,"Uniti alla struttura","Uniti alla struttura","Funzioni Triple-Motion (schienale, poggiapiedi, poggiatesta) su ogni seduta. Pulsantiera esterna bracciolo (o laterale). Meccanismo ZeroWall. Disponibile vers. 830 Battery Bank. Pulsantiera include presa USB.",2017,No,No,No,No,Sì,Sì,Non Applicabile,Nessuna,No,"Pelle: Non disponibile in pelle Misterbianco (cat.30).","Portento comfort e tecnologia. Design avvolgente. Ricerca e sviluppo Natuzzi. Piedi in busta."
3085,Icon,Michele Menescardi,Tessuto,No,Sì,No,No,No,No,No,Sì,Legno,Metallo (Nascosti),"Base metallo in galvanica cromo nero.",Non Specificato,Sì,Fisso,Fisso,"Ordinabile in pelle (codice V085, estetica diversa). Laterale divano componibile in pelle (se ordinato come V085).",Non Specificato,No,Sì,No,No,No,No,Pelle (se V085),Nessuna,No,Non Specificato,"Mix imbottiture poliuretano/Climalight. Altamente modulare (piedini gomma). Piedi già montati, nascosti, antiscivolo/antigraffio."
3087,Colosseo,Mauro Lipparini,Pelle/Tessuto,No,No,No,No,"Recliner (ZeroWall)",Sì,No,Sì,Legno,Metallo (Nascosti),"Moduli libreria: legno impiallacciato Rovere Affumicato (ST32), Rovere Cenere (ST23), Noce (ST39).",Non Specificato,Sì,"Uniti alla struttura","Uniti alla struttura","Altamente modulare (piedini gomma). Moduli libreria integrabili (codice LIB): V.820 (a giorno), V.821 (con cassetto), V.823 (Home Theatre). Meccanismo ZeroWall. Pulsantiera esterna (3 pulsanti: poggiatesta, cuscino lombare, poggiapiedi). Disponibile vers. 830 Battery Bank. Laterale divano componibile in pelle.",2018,No,No,No,No,Sì,No,Pelle,Nessuna,No,"Pelle: Non disponibile in pelle Misterbianco (cat.30).","Piedi già montati, nascosti, antiscivolo/antigraffio."
3090,Cape,Non Specificato,Pelle,Sì,No,No,No,No,No,No,No,Legno,Metallo (Nascosti),"Non Specificato",Non Specificato,Sì,Fisso,Volante,"Cuscini spalliera volanti codificati separatamente.",Non Specificato,No,Sì,No,No,No,No,Non Applicabile,"Taglio a vivo",No,"Pelle: Non disponibile in pelle Misterbianco (cat.30).","Mix imbottiture poliuretano/Climalight. Cucitura taglio a vivo. Piedi già montati, nascosti, antiscivolo/antigraffio."
3097,Margaret,Mauro Lipparini,Pelle/Tessuto,No,No,No,No,Dondolo (opz.),No,No,No,Legno,Legno,"32 (Rovere Affumicato), 39 (European Walnut)",Non Specificato,Sì,"Non uniti alla struttura","Non uniti alla struttura","Disponibile versione a dondolo (V.196).",2018,No,No,No,No,No,No,Non Applicabile,Nessuna,No,"Pelle: da cat.15 (Le Mans).","Guscio in cuoio color testa di moro. Combinazione cuoio/legno massello. Piedi già montati."
3098,Lave,Non Specificato,Pelle/Tessuto,No,No,No,No,No,No,No,No,Metallo,Metallo,"77 (Cromo Lucido)",27.0,Sì,Volante,Volante,Non Specificato,Non Specificato,No,No,No,No,No,No,Non Applicabile,Nessuna,No,"Pelle: Non disponibile in pelle Misterbianco (cat.30).","Piedi già montati."
3099,Cassia,Non Specificato,Pelle/Tessuto,No,No,Sì,No,No,No,No,No,Metallo,Legno,"32 (Rovere Affumicato), 39 (European Walnut)",Non Specificato,Sì,Fisso,Fisso,"MIX PELLE-TESSUTO: 1°Pelle=Scocca, 2°Tessuto=Cuscini seduta.",Non Specificato,No,No,No,No,No,No,Non Applicabile,Nessuna,Sì,"Categorie Mix Pelle/Tessuto definite. Pelle: Non disponibile in pelle Misterbianco (cat.30).","Piedi già montati."
3100,Penelope,Non Specificato,Pelle/Tessuto,No,No,Sì,No,No,No,No,No,Metallo,Legno/Metallo,"Basamento/piedini anteriori: metallo cromo nero. Piedini posteriori legno: 32 (Rovere Affumicato), 39 (European Walnut).",Non Specificato,Sì,Fisso,Fisso,"MIX PELLE-TESSUTO: 1°Pelle=Scocca, cuscino seduta, bordino, 2°Tessuto=Cuscino spalliera.",Non Specificato,No,No,No,No,No,No,Non Applicabile,Nessuna,Sì,"Categorie Mix Pelle/Tessuto definite. Pelle: Non disponibile in pelle Misterbianco (cat.30).","Piedi già montati."
3102,Couture,Non Specificato,Pelle/Tessuto,No,No,No,No,No,No,No,No,Legno,Metallo,"78 (Cromo Nero)",Non Specificato,Sì,Fisso,Fisso,Non Specificato,Non Specificato,No,No,No,No,No,No,Non Applicabile,Nessuna,No,"Pelle: Non disponibile in pelle Misterbianco (cat.30).","Piedi già montati."
3125,Clemmie,Non Specificato,Non Specificato,Non Specificato,Non Specificato,No,No,No,No,No,No,Legno,Metallo,"75 (Nichel Satinato), 78 (Cromo Nero)",23.0/15.0,No,Fisso,Fisso,Non Specificato,Non Specificato,No,No,No,Sì,No,No,Non Applicabile,Nessuna,No,Non Specificato,"Piedi anteriori più alti dei posteriori. Piedi in busta."
3146,Positano,Non Specificato,Pelle/Tessuto,No,No,No,No,No,No,No,Sì,Legno,Legno/Metallo,"Base: legno massello rovere affumicato 32 con dettagli metallo ottone spazzolato",Non Specificato,No,Fisso,Fisso,"Cuscini volanti opzionali (V.109, V.152). Laterale in pelle (pezzi componibili).",Non Specificato,No,Sì,No,No,No,No,Pelle,"Cuciture sulla spalliera",No,"Pelle: Non disponibile in pelle Misterbianco (cat.30).","Linee essenziali. Mix imbottiture poliuretano/Climalight. Piedi in busta."
3147,Campus,Mauro Lipparini,Pelle/Tessuto,No,No,Sì,No,No,No,No,Sì,Legno,Metallo,"46 (champagne lucido), 79 (nero opaco)",Non Specificato,No,"Non uniti alla struttura","Non uniti alla struttura","Ordinabile tessuto sfoderabile (R147). 3147: Scocche braccioli/spalliera in pelle scamosciata Gargano intrecciata (2° riv), cuscini in pelle/tessuto (1° riv). V.589 con piano appoggio legno olmo tabacco (angolo o terminale). Laterali pelle rivestiti.",2019,Sì,Sì,No,No,No,No,Pelle,Intreccio (Gargano),Sì,"Pelle: da cat.15. Non disponibile in pelle Misterbianco (cat.30).","Design intricato, misurato, sofisticato. Mix imbottiture Poliuretano/Memory/Climalight. Fodera antiscivolo sotto seduta. Piedi associati a colore zip (Champagne/Oro, Nero/Argento). Piedi in busta."
3148,Cava,Mauro Lipparini,Pelle/Tessuto,No,No,No,No,"Meccanismo Flip (manuale), Meccanismo Sliding (elettrico)",No,No,Sì,Non Specificato,Metallo/Legno,"Piani appoggio: metallo/olmo tabacco. Sedute: tubolari legno massello frassino tabacco (44) / basamento metallo caffè (85).",Non Specificato,No,"Uniti alla struttura","Uniti alla struttura","Moduli (eccetto angolo/chaise) con meccanismo opzionale: Flip (manuale, cambia posizione spalliera, include cuscino volante) o Sliding (elettrico, spalliera avanti/indietro, pulsanti sfioramento seduta). Piani d'appoggio integrabili (V.820, 824, 825, 826). Disponibile vers. 830 Battery Bank. Laterale in pelle (pezzi componibili).",2019,Sì,No,No,No,Sì,No,Pelle,Nessuna,No,"Pelle: Non disponibile in pelle Misterbianco (cat.30).","Sistema con piani d'appoggio. Cuscino seduta con memory foam. Piedi in busta. Gommini antiscivolo."
3150,Skyline,Marcel Wanders Studio,Pelle/Tessuto,No,No,No,No,"Recliner (ZeroWall)",No,No,Sì,Metallo,Metallo,"Moduli base chiusi: piedini antigraffio e antiscivolo nascosti (4.0cm). Moduli open base: profili/piedini metallo pressofuso arco (74 grigio grafite ruvido, 77 cromo lucido, 45 nero lucido).",4.0 (base)/20.0 (open base),No,"Uniti alla struttura","Uniti alla struttura","Altamente modulare (piedini gomma). Meccanismo ZeroWall. Disponibile vers. 830 Battery Bank. Laterale in pelle (pezzi componibili).",2019,No,No,No,No,Sì,No,Pelle,Nessuna,No,"Pelle: Non disponibile in pelle Misterbianco (cat.30).","Piedi in busta. Gommini antigraffio."
3151,Dove,Non Specificato,Pelle/Tessuto,No,No,No,No,No,No,No,No,Metallo,"Base: Metallo",Base: metallo cromo nero (45),32.0,No,Fisso,Fisso,"V.066 disponibile con vassoio frassino nero.",Non Specificato,No,No,No,No,No,No,Non Applicabile,Nessuna,No,"Tessuti specifici abilitati (Lamezia, Rizzoli, etc.). Pelle: Non disponibile in pelle Misterbianco (cat.30).","Struttura in poliuretano strutturale. Piedi in busta."
3153,Amalia,"Bernhardt & Vella",Pelle/Tessuto,No,No,No,No,No,No,No,No,Legno/Metallo,Legno,"32 (Rovere Affumicato), 39 (European Walnut)",11.0/26.0,No,Fisso,Fisso,"Disponibile come poltroncina senza braccioli.",Non Specificato,No,No,No,Sì,No,No,Non Applicabile,Nessuna,No,"Pelle: Non disponibile in pelle Misterbianco (cat.30).","Oasi relax comoda, avvolgente. Stile classico/contemporaneo. Divano/Dormeuse. Spalliera circolare, 2 grandi cuscini (materiali alta qualità). Piedi anteriori più alti dei posteriori. Piedi in busta."
3154,Conca,Mauro Lipparini,Pelle/Tessuto,No,No,Sì,No,No,No,No,No,Metallo,"Base: Metallo/Legno","Base: metallo caffè (85) con fianchi legno frassino tabacco (44).",35.0,Sì,Fisso,Fisso,"MIX PELLE-TESSUTO: 1°Pelle=Base, 2°Tessuto=Cuscini seduta/spalliera/bordino.",2019,No,No,No,No,No,No,Non Applicabile,Nessuna,Sì,"Pelle: Non disponibile in pelle Misterbianco (cat.30).","Guscio poliuretano strutturale rivestito pelle. Struttura interna schiumato. Piedi già montati."
3158,Kult,Maurizio Manzoni,Pelle/Tessuto,No,No,No,No,"Recliner",No,No,Sì,Legno,Legno,"09 (Noce), 18 (Wengè)",4.5,No,"Uniti alla struttura","Uniti alla struttura","Disponibile vers. 830 Battery Bank. Laterale divano componibile non in pelle.",2019,No,No,No,No,Sì,No,Tessuto,Nessuna,No,"Pelle: Non disponibile in pelle Misterbianco (cat.30).","Piedi in busta."
3184,Blossom,Claudio Bellini,Pelle/Tessuto,No,No,No,No,No,No,No,No,Non Specificato,Legno,"09 (Noce), 18 (Wengè)",20.0/15.0,No,"Uniti alla struttura","Uniti alla struttura",Non Specificato,2019,No,No,No,Sì,No,No,Non Applicabile,Nessuna,No,"Non disponibile tessuto Laguna.","Anni '50. Design avvolgente, richiama bocciolo. Piedi anteriori più alti dei posteriori. Piedi in busta."
3185,Botanic,Claudio Bellini,Pelle/Tessuto,No,No,No,No,No,No,No,No,Legno,Metallo,"79 (Nero Opaco)",22.0/20.0,Non Specificato,Fisso,Fisso,Non Specificato,Non Specificato,No,No,No,Sì,No,No,Non Applicabile,Nessuna,No,"Pelle: Non disponibile in pelle Misterbianco (cat.30).","Reinterpreta stile anni '50. Compatto, open base. Forme organiche, morbide, avvolgenti. Piedi anteriori più alti dei posteriori."
3187,Levante,Mauro Lipparini,Pelle/Tessuto,No,No,No,No,No,No,No,No,Legno,Metallo,"nero lucido (FT 71)",Non Specificato,No,Fisso,Fisso,Non Specificato,Non Specificato,No,No,No,No,No,No,Non Applicabile,"Cuciture verticali",No,"Pelle: Non disponibile in pelle Misterbianco (cat.30).","Compatto, base aperta. Forte personalità. Pratico, design. Ideale ambienti urban. Sponda interrotta sotto braccioli. Piedini esili. Cuciture verticali spalliera/seduta. Piedi in busta."
3188,Leaf,Maurizio Manzoni,Pelle/Tessuto,No,No,No,No,No,No,No,Sì,Legno,Legno/Metallo,"Base: legno massello nero frassino (FT51). Piedini: metallo nero lucido (FT71).",10.5,No,Fisso,Volante,"Altamente modulare (piedini gomma).",Non Specificato,No,Sì,No,No,No,No,Non Applicabile,Nessuna,No,"Pelle: Non disponibile in pelle Misterbianco (cat.30).","Estrema versatilità. Cuscini spalliera volanti. Linee pulite, proporzioni generose. Mix imbottiture poliuretano/Climalight. Base legno massello/piedini metallo. Piedi in busta."
3190,Seagull,Claudio Bellini,Pelle/Tessuto,No,No,No,No,"Recliner (Soft Touch, ZeroWall)",Sì,No,Sì,Legno,Metallo,"78 (Cromo Nero)",13.0,No,"Uniti alla struttura","Uniti alla struttura","Sistema Soft Touch (bottoni lato esterno bracciolo). Meccanismo ZeroWall. Pulsante unico (poggiatesta > poggiapiedi > posizione TV). Disponibile vers. 830 Battery Bank. Laterale divano componibile non in pelle.",2019,No,No,No,No,Sì,No,Tessuto,Nessuna,No,"Pelle: Non disponibile in pelle Misterbianco (cat.30).","Tributo 'comfort visivo' anni '80/'90. Piedi in busta."
3201,Wave,Nika Zupanc,Pelle/Tessuto,No,No,No,No,No,No,No,No,Legno,Metallo,"88 (oro pallido)",11.0,No,Fisso,Fisso,"Magazine Rack Voyage (T845) integrabile in Pouf/Ottoman.",Non Specificato,No,No,No,No,No,No,Non Applicabile,Nessuna,No,"Pelle: Non disponibile in pelle Misterbianco (cat.30).","Piedi in busta."
3202,Pablo,Claudio Bellini,Non Specificato,Non Specificato,Non Specificato,No,No,No,No,No,Sì,Non Specificato,Metallo,"80 (peltro)",Non Specificato,Non Specificato,Non Specificato,Non Specificato,"Moduli mix spalliera alta/bassa. V.576-578 con pianetto legno laccato grigio opaco integrato. V.744-745 con pianetto + tavolino top vetro temperato extra white (stelo metallo peltro).",Non Specificato,No,No,No,No,No,No,Non Applicabile,Nessuna,No,Non Specificato,"Icona arredamento contemporaneo. Altezze e volumi differenti. Altamente modulare (piedini gomma)."
3203,Dominio,Maurizio Manzoni,Non Specificato,Non Specificato,Non Specificato,No,No,No,No,No,Sì,Non Specificato,Metallo,"79 (nero opaco), 89 (silver lucido)",Non Specificato,Sì,Modulare,Modulare,"Sedute modulari con agganci a scomparsa, laterali rivestiti. Braccioli separati (2 larghezze/altezze). Piede tubolare acciaio sezione esagonale su ogni seduta (fronte/retro), già montato. Piede bracciolo si innesta.",Non Specificato,No,No,No,No,No,No,Non Applicabile,Nessuna,No,Non Specificato,"Ispirato Castel Del Monte. Imponente. Forma ottagonale basamento/retro cuscini spalliera. Altamente modulare (piedini gomma)."
3204,Oblò,Maurizio Manzoni,Pelle/Tessuto,No,No,No,No,No,No,No,Sì,Non Specificato,Metallo,"87 (metallo nero brunito con puntale in ottone spazzolato)",Non Specificato,Non Specificato,Non Specificato,Non Specificato,"V.200/201 laterale non rivestito.",2020,No,Sì,No,No,No,No,Non Applicabile,Nessuna,No,Non Specificato,"Finestra sicura. Forme arrotondate, fluide. Bracciolo-schienale con tubolare metallo (cintura/piede). Altamente modulare (piedini gomma). Mix imbottiture poliuretano/Climalight."
3205,New Classic,Fabio Novembre,Non Specificato,Non Specificato,Non Specificato,No,No,No,No,No,Sì,Non Specificato,Metallo,"79 (nero opaco), 89 (silver lucido)",Non Specificato,Non Specificato,Non Specificato,Non Specificato,Non Specificato,Non Specificato,No,No,No,No,No,No,Non Applicabile,Nessuna,No,Non Specificato,"Equilibrio classico/contemporaneo. Rullo su retro scocca che si innesta ai braccioli. Gioco forme tondeggianti/squadrate. Altamente modulare (piedini gomma)."
3206,Deep,Nika Zupanc,Pelle/Tessuto,No,No,No,No,No,No,No,Sì,Non Specificato,Metallo (Nascosti),"Non Specificato",Non Specificato,Non Specificato,Non Specificato,Non Specificato,"Laterali divano rivestiti con agganci nascosti e amovibili.",2020,Sì,No,No,No,No,No,Non Specificato,Nessuna,No,"Pelle: Non disponibile in pelle Misterbianco (cat.30).","Cuscino seduta con memory foam. Piedini nascosti antigraffio/antiscivolo."
3207,Argo,Paola Navone,Pelle/Tessuto,No,No,No,No,No,No,No,No,Non Specificato,Metallo,"79 (Nero Opaco)",5.0,No,Fisso,Fisso,Non Specificato,Non Specificato,No,Sì,No,No,No,No,Non Applicabile,Nessuna,No,"Pelle: Non disponibile in pelle Misterbianco (cat.30).","Forme generose, ampie. Simbolo nuovo modo vivere. Look morbido, imbottitura 3D, 2 graffe giganti nello schienale. Mix imbottiture poliuretano/Climalight. Piedi in busta."
3208,Sleeping Argo,Paola Navone,Pelle/Tessuto,No,No,No,No,"Recliner (Meccanizzato)",No,No,No,Legno,Metallo (Nascosti),"Non Specificato",5.0,No,"Uniti alla struttura","Uniti alla struttura","Disponibile vers. 830 Battery Bank.",Non Specificato,No,Sì,No,No,Sì,No,Non Applicabile,Nessuna,No,"Pelle: Non disponibile in pelle Misterbianco (cat.30).","Forme generose, ampie. Simbolo nuovo modo vivere. Look morbido, imbottitura 3D, 2 graffe giganti nello schienale. Mix imbottiture poliuretano/Climalight. Piedi in busta. Piedini nascosti antiscivolo/antigraffio."
3209,Buddie,Mauro Lipparini,Pelle/Tessuto,No,No,No,No,No,No,No,Sì,Non Specificato,Metallo (Nascosti),"Non Specificato",4.0,No,"Uniti alla struttura","Uniti alla struttura","7 moduli diversi abbinabili (lineari, angolari, isole, simmetriche, asimmetriche). Laterale in pelle (pezzi componibili).",Non Specificato,No,No,No,No,No,No,Pelle,"Cuciture irregolari",No,"Pelle: Non disponibile in pelle Misterbianco (cat.30).","Spalliere/sedute/schienali si incastrano. Sovrapposizione volumi. Forme geometriche smussate. Piedini antiscivolo invisibili. Piedi in busta."
3210,Infinito,Marcantonio Raimondi Malerba,Tessuto,No,Sì,No,No,No,No,No,No,Metallo,Non Specificato,"Non Specificato",Non Specificato,Non Specificato,Non Specificato,Non Specificato,Non Specificato,2020,No,No,No,No,No,No,Non Applicabile,Nessuna,No,"Solo tessuto: Trastevere (cat.88), Portavenezia (cat.9C).","Estetica contaminazione. Simbolo infinito. Struttura tubolare metallico. Imbottitura poliuretano elastico diverse densità. Scultura sinuosa, divano, seduta, chaise longue centrale."
3222,Valzer,Non Specificato,Pelle/Tessuto,No,No,No,No,No,Sì,No,Sì,Legno,Metallo,"75 (Nichel Satinato), 77 (Cromo Lucido)",15.0,No,Fisso,Fisso,"Poggiatesta regolabile (tranne angolo tondo V.029). Braccioli regolabili manualmente. Laterale divano componibile non in pelle.",Non Specificato,No,No,No,No,No,No,Tessuto,Nessuna,No,"Pelle: Non disponibile in pelle Misterbianco (cat.30).","Cuscini seduta/schienale poliuretano alta densità (35). Piedi in busta."
3224,Calilla,Elena Salmistraro,Pelle/Tessuto,No,No,Sì,No,"Recliner (Meccanizzato)",Sì,No,No,Non Specificato,Metallo (Nascosti),"Non Specificato",4.0,Non Specificato,Non Specificato,Non Specificato,"Mix Pelle+Tessuto standard: 1B(LeMans+Tessuto), 2B(Status+Tessuto), 3A(Stromboli+Tessuto), 4A(Siena+Tessuto). MIX: 1°Tessuto=seduta/spalliera/poggiatesta/base, 2°Pelle=scocca esterna, 3°Pelle=interno bracciolo. Poggiatesta manuale (sollevabile + ruotabile). Meccanismo attivato da bottoni interni a vista. Disponibile vers. 830 Battery Bank.",2021,No,No,No,No,Sì,No,Non Applicabile,Nessuna,Sì,"Categorie Mix definite.","Piedini nascosti antiscivolo/antigraffio."
3226,Eufolia,Marcel Wanders Studio,Pelle/Tessuto,No,No,No,No,No,No,No,No,Legno,Metallo,"Base: nero lucido (FT71), cromo lucido (FT77). Piano tavolo V.827: frassino nero (51) o miele (55) abbinato a base.",Non Specificato,Non Specificato,Non Specificato,Non Specificato,"V.827: Piano tavolo integrato.",Non Specificato,No,No,No,No,No,No,Non Applicabile,Nessuna,No,"Pelle: da cat.25 (Status). Non disponibile in pelle Misterbianco (cat.30).","Sedute ampie, bracciolo sottile. Cuscini seduta poliuretano alta densità (50). Base metallo conferisce leggerezza."
3227,Sohay,Mauro Lipparini,Pelle/Tessuto,No,No,Sì,No,Letto,No,Sì,No,Non Specificato,Legno,"frassino naturale (54), frassino nero (51)",Non Specificato,Non Specificato,Non Specificato,Non Specificato,"Maniglia tra sedute per scorrimento (meccanismo nascosto). Pelle: maniglia stesso rivestimento. Tessuto: maniglia tessuto o pelle (Le Mans/Status). Schienale ribaltabile manualmente (pistone a gas) per trasformazione letto. V.008 con bracciolo integrato (rimovibile, funge da cuscino letto). V.108 bracciolo aggiuntivo ordinabile.",2021,Sì,No,No,No,No,No,Non Applicabile,Nessuna,Sì,"Pelle: Non disponibile in pelle Misterbianco (cat.30).","Cuscino seduta con memory foam. Base in legno."
3228,Ensis,Non Specificato,Pelle/Tessuto,No,No,No,No,"Rocker, Swivel",No,No,No,Metallo,Metallo,"GOLD",Non Specificato,Non Specificato,Non Specificato,Non Specificato,"Funzione rocker e swivel (base poltrona/poggiapiedi swivel; rocker attivato da levetta sotto seduta con meccanismo tilt).",Non Specificato,No,No,No,No,No,No,Non Applicabile,Nessuna,No,"Pelle: da cat.15 (Le Mans). Non disponibile in pelle Misterbianco (cat.30).","Armatura tubolare metallo interna affogata in poliuretano schiumato. Parte sotto seduta poliuretano strutturale rigido. Componenti interconnessi da tubolari metallici a vista (satinato oro). Verniciatura protettiva."
3229,Timeless,Non Specificato,Pelle/Tessuto,No,No,No,No,No,No,No,Sì,Poliuretano,Metallo (Nascosti),"Non Specificato",Non Specificato,Non Specificato,Non Specificato,Non Specificato,"Laterale del divano rivestito.",Non Specificato,No,No,No,No,No,No,Non Specificato,Nessuna,No,"Pelle: da cat.25 (Status). Non disponibile in pelle Misterbianco (cat.30).","Struttura interna poliuretano da stampo con ossatura metallica. Poliuretano alta densità (50) + strato densità inferiore per morbidezza. Rivestito dacron/pelle/tessuto. Design, comfort, sostegno invariati nel tempo. Piedini nascosti antiscivolo/antigraffio."
3230,Juno,Non Specificato,Pelle/Tessuto,No,No,No,No,No,No,No,No,Poliuretano,Metallo (Nascosti),"Non Specificato",Non Specificato,Non Specificato,Non Specificato,Non Specificato,Non Specificato,Non Specificato,No,No,No,No,No,No,Non Applicabile,Nessuna,No,"Pelle: da cat.25 (Status). Non disponibile in pelle Misterbianco (cat.30).","Struttura interna poliuretano da stampo con ossatura metallica. Poliuretano alta densità (50) + strato densità inferiore per morbidezza. Rivestito dacron/pelle/tessuto. Design, comfort, sostegno invariati nel tempo. Piedini nascosti antiscivolo/antigraffio."
3233,Sophy,Natuzzi Design Center,Pelle/Tessuto,No,No,No,No,"Recliner (ZeroWall)",Sì,No,Sì,Legno,Metallo,"77 (Cromo Lucido), 78 (Cromo Nero)",13.0,No,"Uniti alla struttura","Uniti alla struttura","Poggiatesta regolabile tutte versioni. Bottoni interni a vista per meccanismo. Pulsante unico (poggiatesta > poggiapiedi > posizione TV). Meccanismo ZeroWall. V.560 ha 3 sedute con meccanismo elettrico. Disponibile vers. 830 Battery Bank. Laterale divano componibile non in pelle.",2021,No,No,No,No,Sì,No,Tessuto,Nessuna,No,"Pelle: da cat.10.","Cuscini seduta/schienale poliuretano alta densità (35). Piedi in busta."
3237,Fiorita,Natuzzi Design Center,Pelle/Tessuto,No,No,No,No,"Recliner (Dual Power Motion), Swivel",No,No,No,Non Specificato,Metallo,"Base swivel: 79 (nero opaco)",Non Specificato,Non Specificato,Non Specificato,Non Specificato,"Base swivel rotazione 270°. Dual power motion recliner (pulsanti soft touch tra seduta/bracciolo: 2sx pediera, 2dx spalliera; tasto chiusura con funzione HOME). Spinotto retro scocca per cavi. Opzione V.830 kit batteria (alloggiato sotto seduta).",2021,No,No,No,No,Sì,No,Non Applicabile,Nessuna,No,"Pelle: da cat.15 (Le Mans). Non disponibile in pelle Misterbianco (cat.30).",
3242,Adam,Marcel Wanders Studio,Pelle/Tessuto,No,No,No,No,No,Sì,No,Sì,Non Specificato,Legno,"Modello disponibile con base metallo (V242).",Non Specificato,Non Specificato,Non Specificato,Non Specificato,"Bracciolo regolabile (meccanismo scatti apertura / frizionato chiusura). Laterali divano rivestiti con agganci nascosti e amovibili.",2022,Sì,No,No,No,No,No,Non Specificato,Nessuna,No,"Non disponibile pelle Misterbianco (cat.30), Cassidy (cat.60).","Cuscino seduta con memory foam. Imbottiture poliuretano espanso microcellulare origine vegetale (densità 50 + memory 2cm)."
3253,Terra,Marcantonio Raimondi Malerba,Pelle/Tessuto,No,No,Sì,No,No,No,No,No,Non Specificato,Non Specificato,"Non Specificato",Non Specificato,Non Specificato,Non Specificato,Non Specificato,"Disponibile con rivestimenti ecosostenibili (Byborre, Gaia) e collezione NI.",Non Specificato,No,No,No,Non Specificato,No,No,Non Applicabile,Nessuna,Sì,Non Specificato,"Prodotto stabilimenti Natuzzi con pannelli fotovoltaici. Componenti riciclabili. Imbottiture polistirolo riciclato (leggero, adattabile). Progetto iconico."
3256,Seashell,Natuzzi Design Center,Tessuto,No,Sì,No,No,Girevole,No,No,No,Non Specificato,Non Specificato,"Non Specificato",Non Specificato,Non Specificato,Non Specificato,Non Specificato,"Disponibile con meccanismo girevole 360°.",2023,No,No,No,Non Specificato,No,No,Non Applicabile,Nessuna,No,"Non disponibile in pelle. Tessuti specifici esclusi (Sparano, Portocervo, etc.).","Eleganza, comfort. Ispirata curve conchiglia. Silhouette elegante, organica. Seduta ergonomica."
3262,Semplice,Natuzzi Design Center,Non Specificato,Non Specificato,Non Specificato,No,No,No,No,No,Sì,Non Specificato,Metallo (Nascosti),"Non Specificato",4.0,No,"Amovibili","Amovibili","Cuscini volanti opzionali (V.089/109) ordinabili diversi. V.463 utilizzabile come pouf o angolare senza schienale (con ganci). Laterali divano rivestiti con agganci nascosti e amovibili.",2023,No,Sì,No,No,No,No,Non Specificato,Nessuna,No,Non Specificato,"Componibile versatile. Look informale, silhouette essenziale. Cuscini seduta/schienale poliuretano (35) + fodera Climalight (Microflock 100% poliestere riciclato). Cuscini schienale con rullo appoggio posteriore. Cinghie elastiche sotto seduta. Piedi in busta. Piedini nascosti antigraffio/antiscivolo."
3263,Easy,Natuzzi Design Center,Pelle/Tessuto,No,No,Sì,No,Letto (Ready-to-bed),No,Sì,Sì,Non Specificato,Metallo (Nascosti),"Non Specificato",4.5,No,Non Specificato,Non Specificato,"Meccanismo 'ready-to-bed'. Tasca esterna bracciolo con bordino (Pelle: Tono su tono; Tessuto: Pelle contrasto Le Mans cat.15 o Tessuto Tono su tono). Versione divano letto doghe legno, Materasso Greenplus (11cm, 160/140cm). V. letto (008/101) con leva nascosta per spostamento (ruote). Chaise-longue sempre con contenitore. V.828: supporto metallico rotante opzionale su bracciolo (comodino/vassoio/tavolino).",2023,No,No,No,No,No,No,Non Specificato,Nessuna,Sì,"Pelle: da cat.15 (Le Mans). Non disponibile in pelle Misterbianco (cat.30).","Prodotto facile utilizzo. Comfort divano senza funzione. Stile moderno, arrotondato. Cuscini seduta poliuretano alta densità (35), comfort standard (più rigido se letto). Piedi in busta. Piedini nascosti antiscivolo/antigraffio."
3265,Simple,Natuzzi Design Center,Tessuto,No,Sì,No,No,Letto (Ready-to-bed),No,Sì,No,Non Specificato,Metallo (Nascosti),"Non Specificato",4.0,No,Non Specificato,Non Specificato,"Versione divano letto rete elettrosaldata, Materasso Greenplus (11cm, 160/140cm). V. letto (008/101) con leva nascosta per spostamento (ruote). Meccanismo “Ready-to-bed"" (maniglia su schienale).",2023,No,No,No,No,No,No,Non Applicabile,Nessuna,No,Non Specificato,"Alto comfort, look moderno, linee essenziali. Cuscini seduta poliuretano alta densità (35), comfort standard (più rigido se letto). Piedi in busta. Piedini nascosti antiscivolo/antigraffio."
3268,Colle,STUDIO BIG — Bjarke Ingels Group,Pelle/Tessuto,No,No,No,Sì,No,No,No,Sì,Legno multistrato,Legno,"Base: frassino affumicato (ST12)",8.0 (Base),No,Non Specificato,Non Specificato,"Disponibile pelle spessorata (codice Sxxx - Art. Cassidy cat.60, Misterbianco cat.30). Ganci rimovibili su ogni modulo.",2023,Sì,No,No,No,No,No,Non Specificato,"Taglio a vivo (se Sxxx)",Sì (Bordino Tono su Tono),"Pelle: da cat.15 (Le Mans).","Ispirato primi modelli Natuzzi (stile morbido, accogliente). Relax mediterraneo. ""Grinze"" su rivestimento esaltano morbidezza/comfort visivo. Bordino Tono su Tono. Cuscino seduta con memory foam. Cinghie elastiche sotto seduta/schienale. Base legno con gommini antigraffio/antiscivolo (non assemblata, in busta)."
3269,Splash,Enrique Marti,Pelle/Tessuto,No,No,Sì,No,No,No,No,No,"Metallo rivestito Poliuretano",Metallo (Nascosti),"Non Specificato",4.0,No,Non Specificato,Non Specificato,"Cuscini disponibili tono su tono o in contrasto.",2023,No,No,No,No,No,No,Non Applicabile,Nessuna,Sì,"Pelle: da cat.30. Non disponibile in pelle Misterbianco (cat.30).","Momento di riposo, benessere. Linee curve avvolgenti. Struttura interna metallo rivestita poliuretano densità differenziate (sostegno spalliera 50, sofficità seduta 40). Telaio seduta legno multistrato, cinghie elastiche. Piedi in busta. Piedini nascosti antiscivolo/antigraffio."
3270,Melody,Simone Bonanni Studio,Pelle/Tessuto,No,No,No,No,No,No,No,Sì,Legno multistrato,Metallo (Nascosti),"Non Specificato",4.0,No,Non Specificato,Non Specificato,"Cuscini opzionali (V.238, V.208) 2 dimensioni/forme (pelle/tessuto). Elementi terminali forma organica (V.715, V.716). Laterali divano rivestiti con agganci nascosti e amovibili.",2023,No,No,No,No,No,No,Non Specificato,Nessuna,Sì (Bordino Tono su Tono),"Pelle: da cat.15 (Le Mans). Non disponibile in pelle Misterbianco (cat.30).","Bordino tono su tono. Cuscino seduta/spalliera poliuretano densità differenziata (sostenuto seduta, morbido spalliera). Cinghie elastiche sotto seduta/schienale. Piedi in busta. Piedini nascosti antiscivolo/antigraffio."
3273,Wellbe,Natuzzi Design Center,Pelle/Tessuto,No,No,Sì,No,"Recliner (Triple Motion)",Sì,No,Sì,Legno,Metallo (Nascosti),"Non Specificato",4.0,No,Non Specificato,Non Specificato,"Sistema modulare. Bordino Tono su Tono o a contrasto (se Tessuto, bordino Pelle Le Mans/Stromboli). Funzione relax Triple Motion (poggiapiedi, poggiatesta, supporto lombare). Pulsante ""home"". Pulsante recliner su bracciolo (o lato seduta senza braccioli). Opzione controllo App/Telecomando (V.PXX). Bracciolo flessibile con tasca porta oggetti. Presa USB C integrata (solo versioni motion). Etichetta posizione pulsantiera. Lovechair recliner. Angolare trapezoidale. 3 larghezze seduta. Disponibile vers. 830 Battery Bank. Sedute componibili fiancata non rivestita.",2023,No,No,No,No,Sì,Sì,Non Specificato,Nessuna,Sì,"Pelle: da cat.15 (Le Mans). Non disponibile in pelle Misterbianco (cat.30).","Comfort, funzionalità, design contemporaneo. Ampio abaco configurazioni. Bracciolo profilo sottile (forma guanciale). Cuscino seduta/spalliera poliuretano densità differenziata. Agganci ogni seduta. Piedi in busta. Piedini nascosti antiscivolo/antigraffio."
3279,Domus,Natuzzi Design Center,Pelle/Tessuto,No,No,Sì,No,"Recliner (Doppio Motore, Zero-Gravity)",Sì,No,Sì,Non Specificato,Non Specificato,"Piani appoggio: Rovere affumicato (ST32), Rovere grigio (ST23), Noce (ST39).",Non Specificato,Non Specificato,Non Specificato,Non Specificato,"TESSUTO: 2°Riv=Profilo contrasto Pelle (CAT 15 Le Mans, 30 Stromboli, 40 Siena). Versioni reclinabili/non reclinabili. Meccanismo doppio motore (pulsanti frontali: poggiatesta>poggiapiedi; pulsanti interni: controllo individuale poggiatesta). Funzione Zero-Gravity. Angolare 45°/terminale. Consolle tra sedili. Piani appoggio integrabili (V.820 rett. s/contenitore, 821 rett. c/contenitore, 823 trapez. c/contenitore).",2024,No,No,No,No,No,No,Non Specificato,Nessuna,Sì,"Pelle: Non disponibile in pelle Misterbianco (cat.30).","Ispirato Domus romana. Comfort, eleganza. Funzione Zero-Gravity (benefici circolazione, stress, tensione). Piani appoggio versatili."
3281,Plutone,Natuzzi Design Center,Pelle/Tessuto,No,No,No,No,No,Sì,No,Sì,Non Specificato,Metallo,"74 (Graphite Grey Rough), 79 (Matt Black)",Non Specificato,Non Specificato,Non Specificato,Non Specificato,"Modulare (lineare, sectional angolo 45°). Poggiatesta regolabile (tranne angolo 045). Ganci sedute modulari.",2024,No,No,No,No,No,No,Non Specificato,Nessuna,No,"Pelle: da cat.15 (Le Mans). Non disponibile in pelle Misterbianco (cat.30).","Eleganza minimalista. Sofisticatezza moderna."
3287,Snail,Natuzzi Design Center,Pelle/Tessuto,No,No,Sì,No,"Schienale Scorrevole (Manuale/Soft Touch)",No,No,Sì,Non Specificato,Metallo (Nascosti),"Non Specificato",Non Specificato,Non Specificato,Non Specificato,Non Specificato,"Bordo perimetro Tono su Tono (Pelle) o contrasto (Tessuto: Bordo Pelle cat.15/25/30/40). Meccanismo scorrevole schienale (movimento 400mm, profondità seduta 60-100cm). Opzione Soft Touch (pulsanti interno bracciolo V.727/728; lato interno seduta V.761/790). Disponibile vers. 830 Battery Bank (1 per seduta motion). Laterale divano rivestito. Ganci rimovibili ogni modulo.",2024,No,No,No,No,Sì,No,Non Specificato,Nessuna,Sì,"Pelle: da cat.15 (Le Mans). Non disponibile in pelle Misterbianco (cat.30).","Design unico, eleganza natura. Forma laterale lumaca. Schienale traslante. Seduta informale/chaise longue compatta. Piedini nascosti antiscivolo/antigraffio."
3289,Mindful,Natuzzi Design Center,Pelle/Tessuto,No,No,Sì,No,"Triple Motion, Zero Gravity, 365, Micromobility",Sì,No,Sì,Non Specificato,Non Specificato,"Tavolini/Ripiani: V.816/817 (laterale), V.821/823 (tra sedute). Q083001XNA (centrale sollevabile), Q083002XNA (rotondo accent) listino complementi.",Non Specificato,Non Specificato,Non Specificato,Non Specificato,"Modulare (lineare, sectional angolo 45°, Chaise Longue, terminale tondo). Angolo taglio concavo. Inserti pelle (seduta/schienale) e piping Tono su Tono o contrasto (Tessuto: Piping Pelle cat.15/25/30/40). Meccanismi innovativi: 365 (sincronizzazione respiro/battito), Micromobility (stimolazione muscolare), Triple Motion (poggiatesta, lombare, poggiapiedi), Zero Gravity. Funzioni ""365""/Micromobility solo V.QXX (telecomando V.831 opzionale). Triple Motion/Zero Gravity V.QXX (telecomando) e V.NXX (tastiera). Kit batteria V.830 solo per V.NXX (1 per seduta). V.715/716/045 senza poggiatesta reclinabile.",2024,No,No,No,No,Sì (NXX),No,Non Specificato,Nessuna,Sì,"Pelle: da cat.15 (Le Mans). Non disponibile in pelle Misterbianco (cat.30).","Divano visionario. Armonia corpo in movimento. Ultime innovazioni tecnologia movimento. Tavolini/ripiani complementari."
3303,Mirai,Andrea Steidl,Pelle/Tessuto,No,No,Sì,No,No,No,No,Sì,Non Specificato,Legno,"32 (Rovere Affumicato)",Non Specificato,Non Specificato,"Cuscini seduta fissi","Fissati con zip (volante su V.003)",Disponibile lineare/sectionals. Moduli terminali unici (V.200/201); chaise longue (V.047/049). Cuscini schienale rettangolari piuma (fissati zip; tranne V.003 volante). Cuscini quadrati opzionali (V.089) decorativi/comfort. Inserto pelle perimetro bracciolo/schienale (Pelle: Tono su Tono; Tessuto: Inserto Pelle cat.15/25/30/40). V.003 Inserto Pelle (2°Riv); Cuscino schienale (3°Riv) pelle/tessuto. Laterale divano rivestito. Ganci rimovibili ogni modulo.,2024,No,No,Sì,No,No,No,Non Specificato,Nessuna,Sì,"Pelle: da cat.25 (Status). Non disponibile in pelle Misterbianco (cat.30).","Ispirato architettura federiciana Puglia. Struttura forte ma leggera. Profondità architettonica, morbidezza contemporanea. Cuscini seduta poliuretano alta densità (35)."
3305,Momento,Simone Bonanni Studio,Pelle/Tessuto,No,No,No,No,No,No,No,Sì,Legno multistrato,Metallo (Nascosti),"Non Specificato",Non Specificato,Non Specificato,Non Specificato,Non Specificato,"Modulare (lineare, sectional angolo 45°). Cuscino volante V.089 (supporto lombare/decorativo). Ottoman V.044 con ruote nascoste. Tavolino integrato rovere affumicato (Q983001XNA) listino complementi. Laterale divano rivestito.",2024,No,No,No,No,No,No,Non Specificato,Nessuna,No,"Pelle: da cat.25 (Status). Non disponibile in pelle Misterbianco (cat.30).","Puzzle moderno, creativo. Composizione a strati (muretti a secco Puglia). Telaio seduta legno multistrato, cinghie elastiche. Piedini nascosti antiscivolo/antigraffio."
3306,Memoria,Karim Rashid,Pelle/Tessuto,No,No,No,Sì,No,No,No,Sì,Non Specificato,Metallo (Nascosti),"Non Specificato",4.0,Non Specificato,Non Specificato,Non Specificato,"Disponibile pelle spessorata (codice Sxxx - Art. Cassidy cat.60, Misterbianco cat.30). Modulare (lineare, sectional angolo 90° morbido/ondulato V.029). Terminale forme organiche (V.220/221). Divano 3 posti sinuoso (V.216/217, 2 prof. seduta). Laterale divano rivestito. Ganci rimovibili ogni modulo.",2024,No,No,No,No,No,No,Non Specificato,"Taglio a vivo (se Sxxx)",No,"Pelle: da cat.25 (Status).","Curve morbide, linee sinuose. Bellezza incontro, fluidità relazioni umane. Cuscini seduta/schienale poliuretano alta densità. Piedini nascosti antiscivolo/antigraffio."
3307,Evergreen,Natuzzi Design Center,Non Specificato,Non Specificato,Non Specificato,Non Specificato,Non Specificato,Non Specificato,Non Specificato,Non Specificato,Non Specificato,Non Specificato,Non Specificato,"Non Specificato",Non Specificato,Non Specificato,Non Specificato,Non Specificato,Non Specificato,2024,Non Specificato,Non Specificato,Non Specificato,Non Specificato,Non Specificato,Non Specificato,Non Applicabile,Nessuna,Non Specificato,Non Specificato,Nessuna informazione specifica fornita nella descrizione.
3309,Faraone,Natuzzi Design Center,Pelle/Tessuto,No,No,Sì,No,"Recliner (Doppio Motore, Zero-Gravity)",Sì,No,Sì,Non Specificato,Non Specificato,"Tavolini: finitura cioccolato opaco.",Non Specificato,Non Specificato,Non Specificato,Non Specificato,"Disponibile pelle spessorata (codice Sxxx - Art. Cassidy cat.60, Misterbianco cat.30). Ordinabile tessuto (codice V309). PELLE: cuciture stile mocassino (poggiatesta, braccioli, profilo anteriore seduta). TESSUTO (V309): 1°Tessuto=principale, 2°Pelle=inserto contrasto (CAT 15 Le Mans, 25 Status, 30 Stromboli, 40 Siena). Versioni reclinabili/non reclinabili. Meccanismo doppio motore (pulsanti frontali: poggiatesta>poggiapiedi; pulsanti interni: controllo individuale poggiatesta). Funzione Zero-Gravity. Angolare 45°. Consolle tra sedili (rettangolari/trapezoidali, c/vano portaoggetti).",2024,No,No,No,No,No,No,Non Specificato,"Mocassino (Pelle)",Sì,"Pelle: da cat.15 (Le Mans).","Ispirato Nefertiti. Profilo busto Nefertiti su bracciolo. Funzione Zero-Gravity (benefici circolazione, stress, tensione)."
600K,"Re-Vive Quilted King",Non Specificato,Non Specificato,Non Specificato,Non Specificato,Sì,No,"Re-Vive",No,No,No,Non Specificato,Metallo,"opaco nero (BF01), bianco (BF02), marrone (BF03)",Non Specificato,Non Specificato,Non Specificato,Non Specificato,"BICOLORE: bordino da ordinare come secondo rivestimento (stessa categoria prezzo).",Non Specificato,No,No,No,Non Specificato,No,No,Non Applicabile,Trapuntatura (Quilted),Sì (Bordino),Non Specificato,Struttura e base disponibili in 3 finiture.
600Q,"Re-Vive Quilted Queen",Non Specificato,Non Specificato,Non Specificato,Non Specificato,Sì,No,"Re-Vive",No,No,No,Non Specificato,Metallo,"opaco nero (BF01), bianco (BF02), marrone (BF03)",Non Specificato,Non Specificato,Non Specificato,Non Specificato,"BICOLORE: bordino da ordinare come secondo rivestimento (stessa categoria prezzo).",Non Specificato,No,No,No,Non Specificato,No,No,Non Applicabile,Trapuntatura (Quilted),Sì (Bordino),Non Specificato,Struttura e base disponibili in 3 finiture.
603K,"Re-Vive Casual King",Non Specificato,Non Specificato,Non Specificato,Non Specificato,Sì,No,"Re-Vive",No,No,No,Non Specificato,Metallo,"opaco nero (BF01), bianco (BF02), marrone (BF03)",Non Specificato,Non Specificato,Non Specificato,Non Specificato,"BICOLORE: 1°Riv=Scocca, 2°Riv=Braccioli, cuscini seduta/spalliera.",Non Specificato,No,No,No,Non Specificato,No,No,Non Applicabile,Nessuna,Sì,Non Specificato,Struttura e base disponibili in 3 finiture.
603Q,"Re-Vive Casual Queen",Non Specificato,Non Specificato,Non Specificato,Non Specificato,Sì,No,"Re-Vive",No,No,No,Non Specificato,Metallo,"opaco nero (BF01), bianco (BF02), marrone (BF03)",Non Specificato,Non Specificato,Non Specificato,Non Specificato,"BICOLORE: 1°Riv=Scocca, 2°Riv=Braccioli, cuscini seduta/spalliera.",Non Specificato,No,No,No,Non Specificato,No,No,Non Applicabile,Nessuna,Sì,Non Specificato,Struttura e base disponibili in 3 finiture.
604K,"Re-Vive Club King",Non Specificato,Pelle,Sì,No,No,No,"Re-Vive",No,No,No,Non Specificato,Metallo,"opaco nero (BF01), bianco (BF02), marrone (BF03)",Non Specificato,Non Specificato,Non Specificato,Non Specificato,"Disponibile pelle spessorata (codice Sxxx - Art. Cassidy cat.60, Misterbianco cat.30).",Non Specificato,No,No,No,Non Specificato,No,No,Non Applicabile,Nessuna,No,Non Specificato,Struttura e base disponibili in 3 finiture.
604Q,"Re-Vive Club Queen",Non Specificato,Pelle,Sì,No,No,No,"Re-Vive",No,No,No,Non Specificato,Metallo,"opaco nero (BF01), bianco (BF02), marrone (BF03)",Non Specificato,Non Specificato,Non Specificato,Non Specificato,"Disponibile pelle spessorata (codice Sxxx - Art. Cassidy cat.60, Misterbianco cat.30).",Non Specificato,No,No,No,Non Specificato,No,No,Non Applicabile,Nessuna,No,Non Specificato,Struttura e base disponibili in 3 finiture.
605K,"Re-Vive Lounge King",Non Specificato,Pelle,Sì,No,No,No,"Re-Vive",No,No,No,Non Specificato,Metallo,"opaco nero (BF01), bianco (BF02), marrone (BF03)",Non Specificato,Non Specificato,Non Specificato,Non Specificato,"Disponibile pelle spessorata (codice Sxxx - Art. Cassidy cat.60, Misterbianco cat.30).",Non Specificato,No,No,No,Non Specificato,No,No,Non Applicabile,Nessuna,No,Non Specificato,Struttura e base disponibili in 3 finiture.
605Q,"Re-Vive Lounge Queen",Non Specificato,Pelle,Sì,No,No,No,"Re-Vive",No,No,No,Non Specificato,Metallo,"opaco nero (BF01), bianco (BF02), marrone (BF03)",Non Specificato,Non Specificato,Non Specificato,Non Specificato,"Disponibile pelle spessorata (codice Sxxx - Art. Cassidy cat.60, Misterbianco cat.30).",Non Specificato,No,No,No,Non Specificato,No,No,Non Applicabile,Nessuna,No,Non Specificato,Struttura e base disponibili in 3 finiture.
608K,"Re-Vive Wing Back King",Non Specificato,Non Specificato,Non Specificato,Non Specificato,Sì,No,"Re-Vive",No,No,No,Non Specificato,Metallo,"opaco nero (BF01), bianco (BF02), marrone (BF03)",Non Specificato,Non Specificato,Non Specificato,Non Specificato,"V.704 composta da poltrona e poggiapiedi. BICOLORE: 1°Riv=Scocca, 2°Riv=Braccioli, cuscini seduta/spalliera.",Non Specificato,No,No,No,Non Specificato,No,No,Non Applicabile,Nessuna,Sì,Non Specificato,"Forma accogliente braccioli. Ampio avvolgente schienale. Poggiatesta originale ""ali"". Struttura e base disponibili in 3 finiture."
608Q,"Re-Vive Wing Back Queen",Non Specificato,Non Specificato,Non Specificato,Non Specificato,Sì,No,"Re-Vive",No,No,No,Non Specificato,Metallo,"opaco nero (BF01), bianco (BF02), marrone (BF03)",Non Specificato,Non Specificato,Non Specificato,Non Specificato,"V.704 composta da poltrona e poggiapiedi. BICOLORE: 1°Riv=Scocca, 2°Riv=Braccioli, cuscini seduta/spalliera.",Non Specificato,No,No,No,Non Specificato,No,No,Non Applicabile,Nessuna,Sì,Non Specificato,"Forma accogliente braccioli. Ampio avvolgente schienale. Poggiatesta originale ""ali"". Struttura e base disponibili in 3 finiture."
613K,"Re-Vive Myway King",Non Specificato,Non Specificato,Non Specificato,Non Specificato,No,No,"Re-Vive",No,No,No,Non Specificato,Metallo,"Standard: (BF01) black/black, (BF02) white/white, (BF03) brown/brown",Non Specificato,Non Specificato,Non Specificato,Non Specificato,Non Specificato,Non Specificato,No,Sì,No,Non Specificato,No,No,Non Applicabile,Trapuntatura (Quilted),No,Non Specificato,"Geometria trapuntata leggera. Schiena/struttura integrate imbottitura (stile down jacket). Mix poliuretano alta densità (35HM)/CLIMALIGHT. Base/Coppa plastica sotto seduta disponibili in 3 finiture standard."
613Q,"Re-Vive Myway Queen",Non Specificato,Non Specificato,Non Specificato,Non Specificato,No,No,"Re-Vive",No,No,No,Non Specificato,Metallo,"Standard: (BF01) black/black, (BF02) white/white, (BF03) brown/brown",Non Specificato,Non Specificato,Non Specificato,Non Specificato,Non Specificato,Non Specificato,No,Sì,No,Non Specificato,No,No,Non Applicabile,Trapuntatura (Quilted),No,Non Specificato,"Geometria trapuntata leggera. Schiena/struttura integrate imbottitura (stile down jacket). Mix poliuretano alta densità (35HM)/CLIMALIGHT. Base/Coppa plastica sotto seduta disponibili in 3 finiture standard."
615Q,"Re-Vive Shuttle Queen",Non Specificato,Non Specificato,Non Specificato,Non Specificato,Sì,No,"Re-Vive",No,No,No,Non Specificato,Metallo,"Standard: (BF01) black/black, (BF02) white/white, (BF03) brown/brown",Non Specificato,Non Specificato,Non Specificato,Non Specificato,"Disponibile con bordino Gros-Grain (3cm, 2°Riv).",Non Specificato,No,Sì,No,Non Specificato,No,No,Non Applicabile,Nessuna,Sì (Bordino Gros-Grain),Non Specificato,"Applicazione bergère classica su Revive. Schiena/struttura integrate imbottitura (stile down jacket). Mix poliuretano alta densità (35HM)/CLIMALIGHT. Base/Coppa plastica sotto seduta disponibili in 3 finiture standard."
L011,Piuma,Claudio Bellini,Pelle/Tessuto,No,No,Sì,No,No,No,No,No,Non Specificato,Non Specificato,"Non Specificato",Non Specificato,Non Specificato,Non Specificato,Non Specificato,"MIX: parte da cat.15. Cat. Mix: 1B, 2B, 3A, 4A. TESSUTO (Mix o Solo): 2°Riv (bandina) solo Rizzoli (70) o Laguna (99).",Non Specificato,No,No,No,Non Specificato,No,No,Non Applicabile,Nessuna,Sì,"Pelle: da cat.15 (Le Mans). Cat. Pelle: 15, 25, 30, 40.","Letto."
L014,Diamante,Non Specificato,Pelle/Tessuto,No,No,No,No,No,No,No,No,Non Specificato,Non Specificato,"Non Specificato",Non Specificato,Non Specificato,Non Specificato,Non Specificato,Non Specificato,Non Specificato,No,No,No,Non Specificato,No,No,Non Applicabile,Nessuna,No,"PELLE: Articoli Le Mans, Status, Stromboli, Siena. TESSUTO: Non disponibile Retrò, Piazzetta.","Letto."
L016,Dolcevita,Non Specificato,Pelle/Tessuto,No,No,No,No,No,No,No,No,Non Specificato,Non Specificato,"Non Specificato",Non Specificato,Non Specificato,Non Specificato,Non Specificato,Non Specificato,Non Specificato,No,No,No,Non Specificato,No,No,Non Applicabile,Nessuna,No,"PELLE: Articoli Le Mans, Status, Stromboli, Siena. TESSUTO: Non disponibile Retrò, Piazzetta.","Letto."
L017,Fenice,"Bernhardt & Vella",Pelle/Tessuto,No,No,No,No,Contenitore (opz.),No,No,No,Non Specificato,Metallo,"Non Specificato",Non Specificato,Non Specificato,Non Specificato,Non Specificato,"Disponibile con contenitore (V. C0_). Versioni C01-C03 richiedono materasso 34-39kg. Versione C04 richiede materasso 40-45kg.",Non Specificato,No,No,No,Non Specificato,No,No,Non Applicabile,Nessuna,No,"PELLE: Articoli Le Mans, Status, Stromboli, Siena. TESSUTO: Non disponibile Retrò, Piazzetta.","Letto. Testata avvolgente, grandi cuscini morbidi. Dettaglio geometrico incastro testiera/giroletto. Leggera inclinazione testiera per lettura. Piedi metallo incastonati."
L020,Venere,Non Specificato,Pelle/Tessuto,No,No,Sì,No,No,No,No,No,Non Specificato,Non Specificato,"Non Specificato",Non Specificato,Non Specificato,Non Specificato,Non Specificato,"Categorie Mix Pelle/Tessuto definite.",Non Specificato,No,No,No,Non Specificato,No,No,Non Applicabile,Nessuna,Sì,"Pelle: da cat.15 (Le Mans).","Letto."
L021,Cala,Non Specificato,Pelle/Tessuto,No,No,No,No,Contenitore (opz.),No,No,No,Legno,Metallo,"78 (Cromo Nero)",Non Specificato,No,Non Specificato,Non Specificato,"Disponibile con contenitore e OPTIONAL SECRET BOX (V. C11-C14) con cassetto scorrevole. Versioni C11-C13 richiedono materasso 34-39kg. Versione C14 richiede materasso 40-45kg. Completato da panca (V.539).",Non Specificato,No,No,No,Non Specificato,No,No,Non Applicabile,"Cuciture verticali",No,Non Specificato,"Letto. Design elegante, prezioso. Testiera morbidamente imbottita, cuciture verticali. Versatile dimensioni/rivestimenti (4 dim.). Piedi anteriori posizionati diversamente dai posteriori. Piedi in busta."
L023,Briq,Non Specificato,Non Specificato,Non Specificato,Non Specificato,No,No,Contenitore (opz.),No,No,No,Non Specificato,Non Specificato,"Non Specificato",Non Specificato,Non Specificato,Non Specificato,Non Specificato,"Disponibile con contenitore (V. C0_). Versioni C01-C03 richiedono materasso 34-39kg. Versione C04 richiede materasso 40-45kg.",Non Specificato,No,No,No,Non Specificato,No,No,Non Applicabile,Nessuna,No,Non Specificato,"Letto."
L024,Ema,Non Specificato,Pelle/Tessuto,No,No,No,No,No,No,No,No,Non Specificato,Non Specificato,"Finitura color cacao verniciata a polvere",Non Specificato,Non Specificato,Non Specificato,Non Specificato,"Testiera rivestita anche posteriormente.",Non Specificato,No,No,No,Non Specificato,No,No,Non Applicabile,Nessuna,No,"Pelle: da cat.15 (Le Mans). Non disponibile in pelle Misterbianco (cat.30).","Letto."
L025,Campus,Mauro Lipparini,Pelle/Tessuto,No,No,Sì,Sì,No,No,No,No,Non Specificato,Metallo,"ft 46 champagne, ft 79 nero opaco",Non Specificato,Non Specificato,Non Specificato,"Sfoderabili (Cuscini)",Ordinabile con pelle intrecciata Gargano (2° riv). 1°Riv (cuscini) pelle/tessuto. Cuscini sfoderabili. Testiera rivestita anche posteriormente. Disponibile 4 dimensioni.,Non Specificato,No,No,No,Non Specificato,No,No,Non Applicabile,Intreccio (Gargano),Sì,"Pelle: da cat.15 (Le Mans).","Letto. Piedi verniciati a polvere."
L026,Pincha,Natuzzi Design Center,Pelle/Tessuto,No,No,No,No,Contenitore (opz.),No,No,No,Non Specificato,Metallo (Nascosti),"Non Specificato",Non Specificato,Non Specificato,Non Specificato,Non Specificato,"Testiera rivestita anche posteriormente. Disponibile 4 dimensioni. Disponibile con contenitore (V. C0_). Versioni C01-C03 richiedono materasso 34-39kg. Versione C04 richiede materasso 40-45kg.",Non Specificato,No,No,No,Non Specificato,No,No,Non Applicabile,Nessuna,No,"Pelle: da cat.15 (Le Mans).","Letto. Piedini nascosti antigraffio/antiscivolo."
LR25,Campus,Mauro Lipparini,Pelle/Tessuto,No,No,No,Sì,No,No,No,No,Non Specificato,Metallo,"ft 46 champagne, ft 79 nero opaco",Non Specificato,Non Specificato,Non Specificato,"Sfoderabili (Cuscini)",Senza intreccio. Tutto pelle o tessuto (unico rivestimento). Cuscini sfoderabili. Testiera rivestita anche posteriormente. Disponibile 4 dimensioni.,Non Specificato,No,No,No,Non Specificato,No,No,Non Applicabile,Nessuna,No,"Pelle: da cat.15 (Le Mans).","Letto. Piedi verniciati a polvere."
R147,Campus,Mauro Lipparini,Tessuto,No,Sì,No,Sì,No,No,No,Sì,Non Specificato,Metallo,"46 champagne lucido, 79 nero opaco",11.0,No,"Non uniti alla struttura","Non uniti alla struttura","Versione sfoderabile di Campus 3147 (senza pelle scamosciata). V.589 con piano appoggio legno olmo tabacco. Laterali pelle rivestiti (se ordinato in pelle?).",2019,Sì,Sì,No,No,No,No,Pelle,Nessuna,No,"Pelle: Non disponibile in pelle Misterbianco (cat.30).","Design intricato, misurato, sofisticato. Mix imbottiture Poliuretano/Memory/Climalight. Fodera antiscivolo sotto seduta. Piedi associati a colore zip (Champagne/Oro, Nero/Argento). Piedi in busta."
R654,Marlene,Non Specificato,Non Specificato,Non Specificato,Non Specificato,No,Sì,No,No,No,No,Legno,Legno,"09 (Noce), 18 (Wengè)",13.0/8.0,No,Fisso,Fisso,"Versione sfoderabile di Marlene 2654.",Non Specificato,No,No,No,Sì,No,No,Non Applicabile,Nessuna,No,Non Specificato,"Imballo in cartone. Piedi anteriori più alti dei posteriori. Piedi in busta."
R911,Long Beach,Claudio Bellini,Tessuto,No,Sì,No,Sì,No,No,No,Sì,Legno,Metallo,"Metallo",6.0 / 9.0,Sì,Volante,Volante,"Versione sfoderabile di Long Beach 2911/V911. Possibile variare altezza piede.",Non Specificato,Sì,No,No,No,No,No,Non Applicabile,Nessuna,No,Non Specificato,"Morbido, accogliente. Altezza piede regolabile. Braccioli sottili. Cuscino seduta con memory foam. Piedi già montati."
S032,Kendo,"Tapinassi & Manzoni",Pelle,Sì,No,No,No,No,No,No,Sì,Legno,Legno/Metallo,"Legno: 32 (Rovere Affumicato) con inserto ottone, 33 (Noce Olivato; a pagamento) con inserto peltro",14.0,No,"Uniti alla struttura","Uniti alla struttura","Versione pelle spessorata di Kendo 3032. Laterali completamente rivestiti.",2017,Sì,Sì,No,No,No,No,Pelle,"Taglio a vivo",No,"Solo pelle spessorata: Misterbianco (cat.30), Cassidy (cat.60).","Connubio modularità, artigianalità, design. Personalità raffinata, dettagli preziosi. Mix imbottiture Poliuretano/Climalight. Cuscino seduta con memory foam. Piedi in pacco separato."
S04K,"Re-Vive Club King",Non Specificato,Pelle,Sì,No,No,No,"Re-Vive",No,No,No,Non Specificato,Metallo,"opaco nero (BF01), bianco (BF02), marrone (BF03)",Non Specificato,Non Specificato,Non Specificato,Non Specificato,"Versione pelle spessorata di Re-Vive Club 604K.",Non Specificato,No,No,No,Non Specificato,No,No,Non Applicabile,Nessuna,No,"Solo pelle spessorata (Cassidy).",Struttura e base disponibili in 3 finiture.
S04Q,"Re-Vive Club Queen",Non Specificato,Pelle,Sì,No,No,No,"Re-Vive",No,No,No,Non Specificato,Metallo,"opaco nero (BF01), bianco (BF02), marrone (BF03)",Non Specificato,Non Specificato,Non Specificato,Non Specificato,"Versione pelle spessorata di Re-Vive Club 604Q.",Non Specificato,No,No,No,Non Specificato,No,No,Non Applicabile,Nessuna,No,"Solo pelle spessorata (Cassidy).",Struttura e base disponibili in 3 finiture.
S268,Colle,STUDIO BIG — Bjarke Ingels Group,Pelle,Sì,No,No,Sì,No,No,No,Sì,Legno multistrato,Legno,"Base: frassino affumicato (ST12)",8.0 (Base),No,Non Specificato,Non Specificato,"Versione pelle spessorata di Colle 3268. Ganci rimovibili su ogni modulo.",2024,Sì,No,No,No,No,No,Non Specificato,"Taglio a vivo",Sì (Bordino Tono su Tono),"Solo pelle spessorata: Misterbianco (cat.30), Cassidy (cat.60).","Ispirato primi modelli Natuzzi (stile morbido, accogliente). Relax mediterraneo. ""Grinze"" su rivestimento. Bordino Tono su Tono. Cuscino seduta con memory foam. Cinghie elastiche sotto seduta/schienale. Base legno con gommini (non assemblata, in busta)."
S306,Memoria,Karim Rashid,Pelle,Sì,No,No,Sì,No,No,No,Sì,Non Specificato,Metallo (Nascosti),"Non Specificato",4.0,Non Specificato,Non Specificato,Non Specificato,"Versione pelle spessorata di Memoria 3306. Modulare (lineare, sectional angolo 90° V.029, terminale organico V.220/221, 3 posti sinuoso V.216/217). Laterale divano rivestito. Ganci rimovibili ogni modulo.",2024,No,No,No,No,No,No,Non Specificato,"Taglio a vivo",No,"Solo pelle spessorata: Misterbianco (cat.30), Cassidy (cat.60).","Curve morbide, linee sinuose. Bellezza incontro, fluidità relazioni. Cuscini seduta/schienale poliuretano alta densità. Piedini nascosti antiscivolo/antigraffio."
S309,Faraone,Natuzzi Design Center,Pelle,Sì,No,No,No,"Recliner (Doppio Motore, Zero-Gravity)",Sì,No,Sì,Non Specificato,Non Specificato,"Tavolini: finitura cioccolato opaco.",Non Specificato,Non Specificato,Non Specificato,Non Specificato,"Versione pelle spessorata di Faraone 3309. Versioni reclinabili/non reclinabili. Meccanismo doppio motore (pulsanti frontali/interni). Funzione Zero-Gravity. Angolare 45°. Consolle tra sedili (rett./trap., c/vano).",2024,No,No,No,No,No,No,Non Specificato,"Mocassino",No,"Solo pelle spessorata: Misterbianco (cat.30), Cassidy (cat.60).","Ispirato Nefertiti (profilo su bracciolo). Funzione Zero-Gravity. Cuciture mocassino."
S904,Dorian,"Tapinassi & Manzoni",Pelle,Sì,No,No,No,No,No,No,Sì,Legno,Metallo (Nascosti),"Non Specificato",3.0,Sì,"Uniti alla struttura","Uniti alla struttura","Versione pelle spessorata di Dorian 2904. Laterali completamente rivestiti.",2014,Sì,No,Sì,No,No,No,Pelle,"Taglio a vivo",No,"Solo pelle spessorata: Misterbianco (cat.30), Cassidy (cat.60).","Protagonista ambiente. Volumi abbondanti, forme sinuose. Ergonomia ampie sedute (Memory Foam + piuma d'oca, anche spalliera/braccioli). Altamente modulare (piedini gomma). Piedi già montati, nascosti, gommini antigraffio/antiscivolo."
S907,Fidelio,Maurizio Manzoni,Pelle,Sì,No,No,No,"Recliner (Soft Touch, ZeroWall)",Sì,No,No,Legno,Metallo,"75 (Nichel Satinato), 78 (Cromo Nero)",11.0,Sì,Non Specificato,Fisso,"Versione pelle spessorata di Fidelio 2907. Meccanismo Soft Touch. Meccanismo ZeroWall. Poggiatesta regolabile (elettrico/manuale). V.560 3 sedute meccanismo elettrico. Disponibile vers. 830 Battery Bank.",2014,Sì,No,No,No,Sì,No,Non Applicabile,"Taglio a vivo, Pizzicate",No,"Solo pelle spessorata: Misterbianco (cat.30), Cassidy (cat.60).","Struttura ricercata, meccanismi tecnologici. Braccioli cuciture pizzicate/struttura metallo. Cuscino seduta memory foam. Piedi già montati."
V029,Galaxy,Natuzzi Design Center,Tessuto,No,Sì,Sì,No,"Recliner (Dual Power, ZeroWall)",Sì,No,Sì,Legno,Non Specificato,"Non Specificato",Non Specificato,No,"Uniti alla struttura","Uniti alla struttura","Versione tessuto di Galaxy 3029. TESSUTO: bordino/dettagli (2° riv) in pelle Le Mans. Meccanismo Dual Power. Pulsantiera interna. Meccanismo ZeroWall. Disponibile vers. 830 Battery Bank.",2017,No,No,No,No,Sì,No,Non Specificato,Nessuna,Sì,Non Specificato,"Galassia comfort, design, innovazione. Linee avvolgenti, modularità estrema, funzioni salva-spazio, recliner nuova generazione. Altamente modulare (piedini gomma). Piedi in busta."
V085,Icon,Michele Menescardi,Pelle,Sì,No,No,No,No,No,No,Sì,Non Specificato,Metallo,"78 (Cromo Nero)",Non Specificato,Sì,Fisso,Fisso,"Versione pelle di Icon 3085. Laterale in pelle (pezzi componibili).",Non Specificato,No,Sì,No,No,No,No,Pelle,Nessuna,No,"Pelle: da cat.15 (Le Mans).","Mix imbottiture poliuretano/Climalight. Altamente modulare (piedini gomma). Piedi già montati, nascosti, antiscivolo/antigraffio."
V230,Juno,Non Specificato,Pelle/Tessuto,No,No,No,No,No,No,No,Sì,Legno curvato,Metallo (Nascosti),"Non Specificato",4.0,Non Specificato,Non Specificato,Non Specificato,"Versione alternativa di Juno 3230 con struttura legno.",Non Specificato,No,No,No,No,No,No,Non Specificato,Nessuna,No,"Pelle: da cat.25 (Status). Non disponibile in pelle Misterbianco (cat.30).","Struttura legno curvato, cinghie elastiche. Meno pesante di 3230. Modulare. Cuscini seduta poliuretano alta densità (50). Piedini nascosti antiscivolo/antigraffio."
V242,Adam,Marcel Wanders Studio,Pelle/Tessuto,No,No,No,No,No,Sì,No,Non Specificato,Non Specificato,Metallo,"73 (Terracotta opaco), 79 (Nero Opaco)",Non Specificato,Non Specificato,Non Specificato,Non Specificato,"Versione con base metallo di Adam 3242. Bracciolo regolabile.",2022,Sì,No,No,No,No,No,Non Applicabile,Nessuna,No,"Pelle: da cat.15 (Le Mans). Non disponibile pelle Misterbianco (cat.30), Cassidy (cat.60).","Cuscino seduta con memory foam. Imbottiture poliuretano espanso microcellulare origine vegetale (densità 50 + memory 2cm)."
V309,Faraone,Natuzzi Design Center,Tessuto,No,Sì,Sì,No,"Recliner (Doppio Motore, Zero-Gravity)",Sì,No,Sì,Non Specificato,Non Specificato,"Tavolini: finitura cioccolato opaco.",Non Specificato,Non Specificato,Non Specificato,Non Specificato,"Versione tessuto di Faraone 3309. 1°Tessuto=principale, 2°Pelle=inserto contrasto (CAT 15 Le Mans, 25 Status, 30 Stromboli, 40 Siena). Versioni reclinabili/non reclinabili. Meccanismo doppio motore. Funzione Zero-Gravity. Angolare 45°. Consolle tra sedili.",2024,No,No,No,No,No,No,Non Specificato,Nessuna,Sì,Non Specificato,"Ispirato Nefertiti (profilo su bracciolo). Funzione Zero-Gravity."
V826,Borghese,Non Specificato,Pelle/Tessuto,No,No,No,No,No,Sì,No,Sì,Legno,Metallo,"Base: 75 (Nichel Satinato), 78 (Cromo Nero)",16.0,No,Fisso,Fisso,"Versione con base metallo di Borghese 2826. Poggiatesta regolabile tutte versioni. V.200/201 poggiatesta reg. seduta terminale. V.480/481 poggiatesta reg. lato terminale/angolo lato corto. V. seconda opzione (277/279) chaise più ampie. Laterale divano componibile in pelle.",Non Specificato,Sì,No,No,No,No,No,Pelle,Nessuna,No,"Pelle: Non disponibile in pelle Misterbianco (cat.30).","Design ricercato, forme morbide. Cuscino seduta memory foam. Piedi in busta."
V911,Long Beach,Non Specificato,Pelle,Sì,No,No,No,No,No,No,Sì,Non Specificato,Metallo,"Non Specificato",Non Specificato,Non Specificato,Non Specificato,Non Specificato,"Versione pelle di Long Beach (presumibilmente simile a 2911/R911 ma dettagli mancanti).",Non Specificato,Non Specificato,Non Specificato,Non Specificato,Non Specificato,Non Specificato,Non Specificato,Pelle,Nessuna,Non Specificato,Non Specificato,Descrizione mancante nel file originale.
V981,Herman,"Manzoni e Tapinassi",Pelle,Sì,No,No,No,No,No,No,Sì,Legno,Metallo,"80 (peltro), 81 (bronzo satinato)",Non Specificato,Sì,Fisso,Fisso,"Versione pelle di Herman 2981 (estetica diversa da tessuto). Laterale in pelle (pezzi componibili).",Non Specificato,Sì,No,No,No,No,No,Pelle,Eleganti,No,"Pelle: Articoli Le Mans, Status, Stromboli, Siena.","Sedute profonde, accoglienti, chaise-longue. Cuscini coordinati. Braccioli essenziali, cuciture eleganti. Sostegno metallico esterno. Altamente modulare (piedini gomma). Cuscino seduta memory foam. Piedi già montati."