codice_articolo,quantita,prezzo,marca,categoria_prodotto,nome_modello,forma,funzione,struttura_tipo_materiale_label,struttura_materiale,struttura_finitura_label,struttura_finitura,top_tipo_materiale_label,top_materiale,top_finitura_label,top_finitura,dimensioni_cm,descrizione_aggiuntiva,codice_stato,codice_articolo_alternativo
T100MY1,1,570,NATUZZI,TAVOLINI,CABARET,Quadrato,Angolare,Telaio,Metallo,Finitura Telaio,Cromato Lucido,Top,Marmo,Finitura Top,Bianco Carrara,45X45 H54,"CABARET SIDETABLE 45X45H54 CHR-WHITE MAR",YS,DDT100AMAM5200P
T157LH3,1,1630,NATUZZI,TAVOLINI,IDO,Quadrato,Centrale,Telaio,Metallo,Finitura Telaio,Peltro,Top,Legno,Finitura Top,Radica Frisè,90X90 H39,"IDO CENTR.TAB.90X90H39 RADICA FRISE-PEWT",YS,DDT157CLGM7515P
T157MZT,1,840,NATUZZI,TAVOLINI,IDO,Quadrato,Da Appoggio,Telaio,Metallo,Finitura Telaio,Peltro,Top,Metallo,Finitura Top,Champagne,40X40 H47,"IDO ACC.TAB.1 ST.40X40 H47 CHAMP-PEWTER",YS,DDT157SFRM5415P
T849001XNA,1,1050,NATUZZI,TAVOLINI,Ika,Quadrato,Da Appoggio,Telaio,Metallo,Finitura Telaio,Bronzo,Top,Legno Laccato,Finitura Top,Sabbia Lucido,46X55 H41,"IKA Acc.55x46H41-55Gold.Bronz Gl.Sand",YP,T849001XNA
T849002XNA,1,1060,NATUZZI,TAVOLINI,Ika,Rettangolare,Angolare,Telaio,Metallo,Finitura Telaio,Bronzo,Top,Legno,Finitura Top,Naturale,44X94 H40,"IKA Side 94x44H40 GoldBronz Nat.Oak",YP,T849002XNA
T173T1X,1,3200,NATUZZI,TAVOLINI,ORFEO,Rotondo,Centrale,Telaio,Metallo,Finitura Telaio,Nero Brunito/Ottone,Top,Legno-Laccato,Finitura Top,Rovere Fumé/Antracite/Calacatta,100X100 H40,"ORFEO TAVD100 ANT+VOLAK+ROV17/NEROBR",YS,DDT173T0000001X
T173T3X,1,1430,NATUZZI,TAVOLINI,ORFEO,Rotondo,Da Appoggio,Telaio,Metallo,Finitura Telaio,Nero Brunito/Ottone,Top,Vetro,Finitura Top,Bronzo Anticato,60X60 H54,"ORFEO TAV D60 VETROSPECCH/NEROBR+OTT",YS,DDT173T0000003X
Q070001XNA,1,2110,NATUZZI,TAVOLINI,ADAM,Quadrato,Centrale,Struttura,Legno,Finitura Struttura,Frassino Miele,Top,Legno,Finitura Top,Frassino Miele,90X90 H28,"ADAM CENT.TABLE 90X90H28 FRAS.MIELE FSC",Y2,Q070001XNA
Q070008XNA,1,2420,NATUZZI,TAVOLINI,ADAM,Quadrato,Centrale,Struttura,Legno-Pietra,Finitura Struttura,Pietra Leccese Spazzolata,Top,Pietra Leccese Spazzolata,Finitura Top,,90X90 H28,"ADAM CEN.TABLE 90X90H28 PIETRA SPAT.",Y2,Q070008XNA
Q070002XNA,1,2040,NATUZZI,TAVOLINI,ADAM,Rettangolare,Centrale,Struttura,Legno,Finitura Struttura,Frassino Miele,Top,Legno,Finitura Top,Frassino Miele,60X120 H37,"ADAM CENT.TABLE 120X60H37 FRAS.MIELE FSC",Y2,Q070002XNA
Q070009XNA,1,2020,NATUZZI,TAVOLINI,ADAM,Rettangolare,Centrale,Struttura,Legno-Pietra,Finitura Struttura,Pietra Leccese Spazzolata,Top,Pietra Leccese Spazzolata,Finitura Top,,60X120 H37,"ADAM CEN.TABLE 120X60H37 PIETRA SPAT.",Y2,Q070009XNA
Q070003XNA,1,1740,NATUZZI,TAVOLINI,ADAM,Rotondo,Da Appoggio,Struttura,Legno,Finitura Struttura,Frassino Miele,Top,Legno,Finitura Top,Frassino Miele,52X52 H55,"ADAM ACC.TABLE D52H55  FRAS.MIELE FSC",Y2,Q070003XNA
Q070010XNA,1,1720,NATUZZI,TAVOLINI,ADAM,Rotondo,Da Appoggio,Struttura,Legno-Pietra,Finitura Struttura,Pietra Leccese Spazzolata,Top,Pietra Leccese Spazzolata,Finitura Top,,52X52 H55,"ADAM ACC.TABLE  D52H55 PIETRA SPAT.",Y2,Q070010XNA
T1000X1,1,1180,NATUZZI,TAVOLINI,CABARET,Quadrato,Centrale,Struttura,Metallo,Finitura Struttura,Antracite,Top,Marmo,Finitura Top,Travertino,90X90 H34,"CABARET Cent90x90H34 Antrh./Travertine",Y2,DDT10000000001X
T100FM3,1,1000,NATUZZI,TAVOLINI,CABARET,Quadrato,Centrale,Struttura,Metallo,Finitura Struttura,Cromato Lucido,Top,Marmo,Finitura Top,Bianco Carrara,90X90 H34,"CABARET CENTRAL 90X90 H34 WHITE MARBLE",Y2,DDT100CFR21152P
T100XM0,1,350,NATUZZI,TAVOLINI,CABARET,Quadrato,Angolare,Struttura,Metallo,Finitura Struttura,Cromato Lucido,Top,Vetro,Finitura Top,Satinato Caffè,45X45 H54,"CABARET CE.TA.45X45 H54 FROS.COFFE-CHROM",Y2,DDT100AFRV1124P
T100XM4,1,600,NATUZZI,TAVOLINI,CABARET,Quadrato,Centrale,Struttura,Metallo,Finitura Struttura,Cromato Lucido,Top,Vetro,Finitura Top,Satinato Caffè,90X90 H34,"CABARET CE.TA.90X90 H34 FROS.COFFE-CHROM",Y2,DDT100CFRM1124P
T100XY0,1,400,NATUZZI,TAVOLINI,CABARET,Quadrato,Angolare,Struttura,Metallo,Finitura Struttura,Cromato Lucido,Top,Vetro,Finitura Top,Satinato Bianco,45X45 H53,"CABARET CE.TA.45X45 H53 FROS.WHITE-CHROM",Y2,DDT100AFRV1152P
T100XY4,1,710,NATUZZI,TAVOLINI,CABARET,Quadrato,Centrale,Struttura,Metallo,Finitura Struttura,Cromato Lucido,Top,Vetro,Finitura Top,Satinato Bianco,90X90 H34,"CABARET CE.TA.90X90 H34 FROS.WHITE-CHROM",Y2,DDT100CFRM1152P
T1000X2,1,720,NATUZZI,TAVOLINI,CABARET,Rotondo,Angolare,Struttura,Metallo,Finitura Struttura,Antracite,Top,Marmo,Finitura Top,Travertino,45X45 H54,"CABARET Side45x45H54 Antrh./Travertine",Y2,DDT10000000002X
E04403X,1,5550,NATUZZI,TAVOLINI,Campus,Quadrato,Centrale,Struttura,Metallo/Legno,Finitura Struttura,Champagne Lucido/Legno Frassino Tabacco,Top,Marmo Calacatta,Finitura Top,Verde Calacatta,120X120 H40,"CAMPUS tav 120 Champ/CalacatVerde",Y2,DDE04400000003X
E04410X,1,5130,NATUZZI,TAVOLINI,Campus,Quadrato,Centrale,Struttura,Metallo/Legno,Finitura Struttura,Cromo Nero Lucido - Legno Eucalipto,Top,Ceramica,Finitura Top,Macchia Vecchia,120X120 H40,"CAMPUS CEN. 120X120H40 CER.M.VECCHIA",Y2,DDE04400000010X
E04414X,1,5880,NATUZZI,TAVOLINI,Campus,Quadrato,Centrale,Struttura,Metallo/Legno,Finitura Struttura,Champagne Lucido/Legno Frassino Tabacco,Top,Marmo,Finitura Top,Oro Calacatta Lucido,120X120 H40,"Campus cen.Cham/Ash.Tob./Cal.Gold",Y2,DDE04400000014X
E04405X,1,3660,NATUZZI,TAVOLINI,Campus,Rettangolare,Centrale,Struttura,Metallo/Legno,Finitura Struttura,Champagne Lucido/Legno Frassino Tabacco,Top,Vetro,Finitura Top,Verde Lucido,90X140 H34,"CAMPUS tav 140x90 Champ/VetroVerde",Y2,DDE04400000005X
E04401X,1,4770,NATUZZI,TAVOLINI,Campus,Rotondo,Centrale,Struttura,Metallo/Legno,Finitura Struttura,Champagne Lucido/Legno Frassino Tabacco,Top,Marmo Calacatta,Finitura Top,Verde Calacatta,100X100 H29,"CAMPUS tav D100 Champ/CalacatVerd",Y2,DDE04400000001X
E04402X,1,3540,NATUZZI,TAVOLINI,Campus,Rotondo,Centrale,Struttura,Metallo/Legno,Finitura Struttura,Champagne Lucido/Legno Frassino Tabacco,Top,Legno,Finitura Top,,100X100 H28,"CAMPUS tav D100 Champagne/Tabacco",Y2,DDE04400000002X
E04407X,1,2320,NATUZZI,TAVOLINI,Campus,Rotondo,Da Appoggio,Struttura,Metallo/Legno,Finitura Struttura,Champagne Lucido/Legno Frassino Tabacco,Top,Marmo Calacatta,Finitura Top,Verde Calacatta,47X47 H52,"CAMPUS serv D47  Champ/CalacVerde",Y2,DDE04400000007X
E04408X,1,1930,NATUZZI,TAVOLINI,Campus,Rotondo,Da Appoggio,Struttura,Metallo/Legno,Finitura Struttura,Champagne Lucido/Legno Frassino Tabacco,Top,Vetro,Finitura Top,Verde Lucido,47X47 H51,"CAMPUS serv D47  Champ/VetroVerde",Y2,DDE04400000008X
E04409X,1,2030,NATUZZI,TAVOLINI,Campus,Rotondo,Da Appoggio,Struttura,Metallo/Legno,Finitura Struttura,Champagne Lucido/Legno Frassino Tabacco,Top,Legno,Finitura Top,,47X47 H51,"CAMPUS serv D47  Champ/FrassTabac",Y2,DDE04400000009X
E04411X,1,3630,NATUZZI,TAVOLINI,Campus,Rotondo,Centrale,Struttura,Metallo/Legno,Finitura Struttura,Cromo Nero Lucido - Legno Eucalipto,Top,Legno,Finitura Top,Eucalipto,100X100 H28,"CAMPUS CEN. D100H28 LEG.EUCALIPTO",Y2,DDE04400000011X
E04412X,1,2090,NATUZZI,TAVOLINI,Campus,Rotondo,Da Appoggio,Struttura,Metallo/Legno,Finitura Struttura,Cromo Nero Lucido - Legno Eucalipto,Top,Ceramica,Finitura Top,Macchia Vecchia,47X47 H52,"CAMPUS ACC.. D47 H52  CER.M.VECCHIA",Y2,DDE04400000012X
E04413X,1,2290,NATUZZI,TAVOLINI,Campus,Rotondo,Da Appoggio,Struttura,Metallo/Legno,Finitura Struttura,Cromo Nero Lucido - Legno Eucalipto,Top,Legno,Finitura Top,Eucalipto,47X47 H52,"CAMPUS ACC.. D47 H52  LEG.EUCALIPTO",Y2,DDE04400000013X
E04415X,1,2320,NATUZZI,TAVOLINI,Campus,Rotondo,Da Appoggio,Struttura,Metallo/Legno,Finitura Struttura,Champagne Lucido/Legno Frassino Tabacco,Top,Marmo,Finitura Top,Oro Calacatta Lucido,47X47 H52,"Campus Acc.Champ/Ash. Tob./Cal.Gold",Y2,DDE04400000015X
E04505X,1,1450,NATUZZI,TAVOLINI,CAVA,Rettangolare,Centrale,Struttura,Vetro,Finitura Struttura,Fumé,Top,Vetro,Finitura Top,Fumé,100X120 H28,"CAVA Tavolo 120x100 Vetro Fumé",Y2,DDE04500000005X
E04506X,1,1450,NATUZZI,TAVOLINI,CAVA,Rettangolare,Centrale,Struttura,Vetro,Finitura Struttura,Bronzo,Top,Vetro,Finitura Top,Bronzo,100X120 H28,"CAVA Tavolo 120x100 Vetro Bronzo",Y2,DDE04500000006X
E04508X,1,1450,NATUZZI,TAVOLINI,CAVA,Rettangolare,Centrale,Struttura,Vetro,Finitura Struttura,Celeste,Top,Vetro,Finitura Top,Vetro Extra Chiaro,100X120 H28,"CAVA tav 120x100 Vetr Celest/ExtW",Y2,DDE04500000008X
E04501X,1,1330,NATUZZI,TAVOLINI,CAVA,Rotondo,Centrale,Struttura,Vetro,Finitura Struttura,Fumé,Top,Vetro,Finitura Top,Fumé,100X100 H32,"CAVA Tavolo D100 Vetro Fumé",Y2,DDE04500000001X
E04502X,1,1330,NATUZZI,TAVOLINI,CAVA,Rotondo,Centrale,Struttura,Vetro,Finitura Struttura,Bronzo,Top,Vetro,Finitura Top,Bronzo,100X100 H32,"CAVA Tavolo D100 Vetro Bronzo",Y2,DDE04500000002X
E04504X,1,1330,NATUZZI,TAVOLINI,CAVA,Rotondo,Centrale,Struttura,Vetro,Finitura Struttura,Celeste,Top,Vetro,Finitura Top,Vetro Extra Chiaro,100X100 H32,"CAVA tav D100 Vetro Celest/ExtraW",Y2,DDE04500000004X
E04511X,1,900,NATUZZI,TAVOLINI,CAVA,Rotondo,Da Appoggio,Struttura,Metallo,Finitura Struttura,Caffè Opaco,Top,Vetro,Finitura Top,Fumé,40X40 H48,"CAVA tav D40 Caffe/Vetro SpFume",Y2,DDE04500000011X
E04512X,1,900,NATUZZI,TAVOLINI,CAVA,Rotondo,Da Appoggio,Struttura,Metallo,Finitura Struttura,Caffè Opaco,Top,Vetro,Finitura Top,Bronzo,40X40 H48,"CAVA tav D40 Caffe/Vetro SpBronzo",Y2,DDE04500000012X
T10802X,1,1080,NATUZZI,TAVOLINI,CHOCOLAT,Multiforme,Centrale,Struttura,Metallo,Finitura Struttura,Peltro,Top,Vetro,Finitura Top,Grigio Fumé,83X101 H28,"CHOCOLAT Centr.101x83H28 Pewt/SmokGl",Y2,DDT10800000002X
T10803X,1,730,NATUZZI,TAVOLINI,CHOCOLAT,Multiforme,Da Appoggio,Struttura,Metallo,Finitura Struttura,Peltro,Top,Vetro,Finitura Top,Grigio Fumé,48X57 H50,"CHOCOLAT Accent57x48H50 Pewt/SmokGl",Y2,DDT10800000003X
T108F54,1,1090,NATUZZI,TAVOLINI,CHOCOLAT,Rettangolare,Centrale,Struttura,Metallo,Finitura Struttura,Peltro,Top,Marmo,Finitura Top,Grigio Imperiale,83X101 H28,"CHOCOLAT CENT.101X83 H28 PEWTER-GREY IMP",Y2,DDT108CFR2A815P
T108M0S,1,770,NATUZZI,TAVOLINI,CHOCOLAT,Rettangolare,Da Appoggio,Struttura,Metallo,Finitura Struttura,Peltro,Top,Marmo,Finitura Top,Grigio Imperiale,48X57 H50,"CHOCOLAT ACCENT 48X57 H50 IMP.GREY-PEWTE",Y2,DDT108SFR26300P
T108MZ3,1,1470,NATUZZI,TAVOLINI,CHOCOLAT,Rettangolare,Centrale,Struttura,Metallo,Finitura Struttura,Peltro,Top,Marmo,Finitura Top,Crema Argento Atene,83X101 H28,"CHOCOLAT CEN.101X83 H28 PEWT-ATHENS CREM",Y2,DDT108CFR2NI11P
T108MZS,1,810,NATUZZI,TAVOLINI,CHOCOLAT,Rettangolare,Da Appoggio,Struttura,Metallo,Finitura Struttura,Peltro,Top,Marmo,Finitura Top,Crema Argento Atene,48X57 H50,"CHOCOLAT ACC.48X57 H50 PEWT-ATHENS CREME",Y2,DDT108SFR2NI11P
E02801X,1,1030,NATUZZI,TAVOLINI,ESTRO,Rotondo,Centrale,Struttura,Metallo,Finitura Struttura,Nero Brunito,Top,Legno,Finitura Top,Noce,90X90 H39,"ESTRO TAVOLINO D90 NOCE2017NEROBRUN",Y2,DDE028T0000001X
E02802X,1,1070,NATUZZI,TAVOLINI,ESTRO,Rotondo,Centrale,Struttura,Metallo,Finitura Struttura,Nero Brunito,Top,Legno,Finitura Top,Rovere Fumé,90X90 H39,"ESTRO TAVOLINO D90 ROVERE2017NEROBRUN",Y2,DDE028T0000002X
E02803X,1,1490,NATUZZI,TAVOLINI,ESTRO,Rotondo,Angolare,Struttura,Metallo,Finitura Struttura,Nero Brunito,Top,Marmo,Finitura Top,Sahara Noir,50X50 H55,"ESTRO TAVOLINO D50 SAHARANOIRLUCNEROBR",Y2,DDE028T0000003X
E02804X,1,1600,NATUZZI,TAVOLINI,ESTRO,Rotondo,Angolare,Struttura,Metallo,Finitura Struttura,Nero Brunito,Top,Marmo,Finitura Top,Invisible Gray,50X50 H55,"ESTRO TAVOLINO D50 INVISGREYLUCNEROBR",Y2,DDE028T0000004X
E02805X,1,790,NATUZZI,TAVOLINI,ESTRO,Rotondo,Da Appoggio,Struttura,Metallo,Finitura Struttura,Nero Brunito,Top,Vetro,Finitura Top,Rosso Mattone,40X40 H45,"ESTRO TAVOLINO D40 VETROCOPPER/NEROBR",Y2,DDE028T0000005X
E02806X,1,790,NATUZZI,TAVOLINI,ESTRO,Rotondo,Da Appoggio,Struttura,Metallo,Finitura Struttura,Nero Brunito,Top,Vetro,Finitura Top,Verde,40X40 H45,"ESTRO TAVOLINO D40 VETROALLORO/NEROBR",Y2,DDE028T0000006X
E02807X,1,1510,NATUZZI,TAVOLINI,ESTRO,Rotondo,Angolare,Struttura,Metallo,Finitura Struttura,Nero Brunito,Top,Marmo,Finitura Top,Lilac,50X50 H55,"ESTRO tav D50 Nero/Marmo Lilac",Y2,DDE02800000007X
E02808X,1,730,NATUZZI,TAVOLINI,ESTRO,Rotondo,Da Appoggio,Struttura,Metallo,Finitura Struttura,Nero Brunito,Top,Vetro,Finitura Top,Glicine,40X40 H45,"ESTRO tav D40 Nero/VetroGlicine",Y2,DDE02800000008X
E02809X,1,770,NATUZZI,TAVOLINI,ESTRO,Rotondo,Da Appoggio,Struttura,Metallo,Finitura Struttura,Nero Brunito,Top,Vetro,Finitura Top,Celeste,40X40 H45,"Estro Black Brunito/Light Blue D40 H45 c",Y2,DDE02800000009X
T876001XNA,1,2750,NATUZZI,TAVOLINI,FEUDO,Rotondo,Centrale,Struttura,Legno,Finitura Struttura,Frassino,Top,Marmo,Finitura Top,Travertino,105X105 H40,"FEUDO Cent.R D103H40-56 NatAsh-Travert",Y2,T876001XNA
T876002XNA,1,3090,NATUZZI,TAVOLINI,FEUDO,Rotondo,Centrale,Struttura,Legno,Finitura Struttura,Frassino,Top,Legno Laccato,Finitura Top,Laccato Bianco Lucido,105X105 H40,"FEUDO Cent.R D103H40-56 NatAsh-Whi.Laq",Y2,T876002XNA
E02708X,1,3410,NATUZZI,TAVOLINI,Filrouge,Quadrato,Centrale,Struttura,Legno e Metallo,Finitura Struttura,Rovere Fumé/Nero Brunito,Top,Marmo,Finitura Top,Volakas,100X100 H34,"FILROUGE TAVOLO 100 ROV2017/VOLAKAS",Y2,DDE027Q0000008X
E02705X,1,1460,NATUZZI,TAVOLINI,Filrouge,Rettangolare,Multifunzione,Struttura,Legno e Metallo,Finitura Struttura,Rovere Fumé/Nero Brunito,Top,,Finitura Top,,40X120 H33,"FIL ROUGE PORTATV L120 ROV2017NEROB",Y2,DDE027R0000005X
E02711X,1,920,NATUZZI,TAVOLINI,Filrouge,Rotondo,Da Appoggio,Struttura,Metallo,Finitura Struttura,Nero Brunito,Top,Legno,Finitura Top,Rovere Fumé,40X40 H48,"FIL ROUGE SERVETTO D40 ROV2017NEROBR",Y2,DDE027T0000011X
E02713X,1,1340,NATUZZI,TAVOLINI,Filrouge,Rotondo,Da Appoggio,Struttura,Metallo,Finitura Struttura,Nero Rosa,Top,Marmo,Finitura Top,Volakas,40X40 H48,"FIL ROUGE SERVETTO D40 VOLAKAS/NERORO",Y2,DDE027T0000013X
T847001XNA,1,2380,NATUZZI,TAVOLINI,FROST,Rotondo,Centrale,Struttura,Marmo/Metallo,Finitura Struttura,Peltro/Fossena,Top,Vetro,Finitura Top,Vetro Extra Chiaro,108X100 H30,"FROST Cen.Rou108x100H30 Pewt/FossenaM",Y2,T847001XNA
T847002XNA,1,2170,NATUZZI,TAVOLINI,FROST,Rotondo,Da Appoggio,Struttura,Marmo/Metallo,Finitura Struttura,Peltro/Fossena,Top,Vetro,Finitura Top,Vetro Extra Chiaro,55X50 H50,"FROST Acc.Rou55x50H50 Pewt/FossenaM",Y2,T847002XNA
T847003XNA,1,2320,NATUZZI,TAVOLINI,FROST,Rotondo,Centrale,Struttura,Marmo/Metallo,Finitura Struttura,Carrara Peltro,Top,Vetro,Finitura Top,Vetro Extra Chiaro,108X100 H30,"FROST CEN.ROU108X100H30 Carrara-Pewt",Y2,T847003XNA
T847004XNA,1,2060,NATUZZI,TAVOLINI,FROST,Rotondo,Da Appoggio,Struttura,Marmo/Metallo,Finitura Struttura,Carrara Peltro,Top,Vetro,Finitura Top,Vetro Extra Chiaro,55X50 H50,"FROST ACC.ROU55X50H50 Carrara-Pewter",Y2,T847004XNA
T1560X1,1,1470,NATUZZI,TAVOLINI,HERMAN,Quadrato,Centrale,Struttura,Metallo,Finitura Struttura,Bronzo,Top,Vetro,Finitura Top,Specchio Bronzo,100X100 H27,"HERMAN Cent.100x100H27 Gold/bronz glas",Y2,DDT15600000001X
T1560X3,1,1700,NATUZZI,TAVOLINI,HERMAN,Quadrato,Centrale,Struttura,Metallo,Finitura Struttura,Bronzo,Top,Marmo,Finitura Top,Rain Forest Brown,100X100 H27,"HERMAN Cent.100x100H27 FOREST BROWN",Y2,DDT15600000003X
T156VM3,1,1070,NATUZZI,TAVOLINI,HERMAN,Quadrato,Centrale,Struttura,Metallo,Finitura Struttura,Peltro,Top,Vetro,Finitura Top,Caffè,100X100 H27,"HERMAN CE.TA.100x100H27 COFFEE GLASS/PEW",Y2,DDT156CVTM2515P
T156X03,1,3240,NATUZZI,TAVOLINI,HERMAN,Quadrato,Centrale,Struttura,Metallo,Finitura Struttura,Peltro,Top,Marmo,Finitura Top,Invisible Gray,100X100 H27,"HERMAN CEN.TAB.100X100 H27 PEWT-INV.GREY",Y2,DDT156CMAMNI15P
T156XH3,1,1480,NATUZZI,TAVOLINI,HERMAN,Quadrato,Centrale,Struttura,Metallo,Finitura Struttura,Peltro,Top,Marmo,Finitura Top,Marmo Orobico,100X100 H27,"HERMAN CEN.TA.100x100H27 MAR.OROBICO/PEW",Y2,DDT156CMAM0115P
T156XZ3,1,2660,NATUZZI,TAVOLINI,HERMAN,Quadrato,Centrale,Struttura,Metallo,Finitura Struttura,Peltro,Top,Marmo,Finitura Top,Oro Calacatta,100X100 H27,"HERMAN CEN.TAB.100X100 H27 PEWT-CAL.GOLD",Y2,DDT156CMAMNI69P
T1560X2,1,1070,NATUZZI,TAVOLINI,HERMAN,Rotondo,Angolare,Struttura,Metallo,Finitura Struttura,Bronzo,Top,Vetro,Finitura Top,Specchio Bronzo,56X56 H50,"HERMAN Side D56H50 Gold/bronze glas",Y2,DDT15600000002X
T1560X4,1,960,NATUZZI,TAVOLINI,HERMAN,Rotondo,Da Appoggio,Struttura,Metallo,Finitura Struttura,Bronzo,Top,Marmo,Finitura Top,Rain Forest Brown,56X56 H50,"HERMAN Acce. D56H50 FOREST BROWN",Y2,DDT15600000004X
T156LRS,1,580,NATUZZI,TAVOLINI,HERMAN,Rotondo,Da Appoggio,Struttura,Metallo,Finitura Struttura,Peltro,Top,Legno,Finitura Top,Rovere Fumé,56X56 H50,"HERMAN ACC.TAV.D56 H50 SMOKED OAK/PEWTER",Y2,DDT156SLGM1215P
T156VMS,1,450,NATUZZI,TAVOLINI,HERMAN,Rotondo,Da Appoggio,Struttura,Metallo,Finitura Struttura,Peltro,Top,Vetro,Finitura Top,Caffè,45X45 H34,"HERMAN ACC.TAB.D45H34 COFFEE GLASS/PEWTE",Y2,DDT156SVTM2515P
T156X0S,1,1710,NATUZZI,TAVOLINI,HERMAN,Rotondo,Da Appoggio,Struttura,Metallo,Finitura Struttura,Peltro,Top,Marmo,Finitura Top,Invisible Gray,56X56 H50,"HERMAN ACC.TAB.D56 H50 PEWTER-INVIS.GREY",Y2,DDT156SMAMNI15P
T156XHS,1,860,NATUZZI,TAVOLINI,HERMAN,Rotondo,Da Appoggio,Struttura,Metallo,Finitura Struttura,Peltro,Top,Marmo,Finitura Top,Marmo Orobico,56X56 H50,"HERMAN ACC.TAB.D56H50 MAB.OROBICO/PEWTER",Y2,DDT156SMAM0115P
T156XZS,1,1510,NATUZZI,TAVOLINI,HERMAN,Rotondo,Da Appoggio,Struttura,Metallo,Finitura Struttura,Peltro,Top,Marmo,Finitura Top,Oro Calacatta,56X56 H50,"HERMAN ACC.TAB.D56 H50 PEWTER-CALAC.GOLD",Y2,DDT156SMAMNI69P
E03203X,1,3510,NATUZZI,TAVOLINI,ICON,Quadrato,Centrale,Struttura,Legno e Metallo,Finitura Struttura,Rovere Fumé/Ottone,Top,Marmo,Finitura Top,Marmo Orobico,100X100 H32,"ICON TAV100X100 OROBICO/ROV2017/OTT",Y2,DDE032Q0000003X
E03204X,1,3490,NATUZZI,TAVOLINI,ICON,Quadrato,Centrale,Struttura,Legno e Metallo,Finitura Struttura,Noce/Ottone,Top,Marmo,Finitura Top,Volakas,100X100 H32,"ICON TAV100X100 VOLAKAS/NOCE2017/OTT",Y2,DDE032Q0000004X
E03205X,1,1000,NATUZZI,TAVOLINI,ICON,Quadrato,Angolare,Struttura,Legno e Metallo,Finitura Struttura,Rovere Fumé/Ottone,Top,Legno Laccato,Finitura Top,Cemento Opaco,55X55 H56,"ICON TAV 55X55 CEMENTOOP/ROV2017/OTT",Y2,DDE032Q0000005X
E03206X,1,1000,NATUZZI,TAVOLINI,ICON,Quadrato,Angolare,Struttura,Legno e Metallo,Finitura Struttura,Noce/Ottone,Top,Legno Laccato,Finitura Top,Gesso Bianco Opaco,55X55 H56,"ICON TAV 55X55 BIANCOGESOP/NOC2017/OTT",Y2,DDE032Q0000006X
E03201X,1,2150,NATUZZI,TAVOLINI,ICON,Rettangolare,Centrale,Struttura,Legno e Metallo,Finitura Struttura,Rovere Fumé/Ottone,Top,Legno,Finitura Top,Rovere Fumé,80X120 H39,"ICON TAVOLINO 120X80 ROVERE2017/OTTONE",Y2,DDE032R0000001X
E03202X,1,2020,NATUZZI,TAVOLINI,ICON,Rettangolare,Centrale,Struttura,Legno e Metallo,Finitura Struttura,Noce/Ottone,Top,Legno,Finitura Top,Noce,80X120 H39,"ICON TAVOLINO 120X80 NOCEV2017/OTTONE",Y2,DDE032R0000002X
E03207X,1,1240,NATUZZI,TAVOLINI,ICON,Rettangolare,Da Appoggio,Struttura,Legno e Metallo,Finitura Struttura,Rovere Fumé/Ottone,Top,Legno,Finitura Top,Rovere Fumé,40X55 H51,"ICON TAV 55X40 ROVERE2017/OTTONE",Y2,DDE032R0000007X
E03208X,1,1210,NATUZZI,TAVOLINI,ICON,Rettangolare,Da Appoggio,Struttura,Legno e Metallo,Finitura Struttura,Noce/Ottone,Top,Legno,Finitura Top,Noce,40X55 H51,"ICON TAV 55X40 NOCE2017/OTTONE",Y2,DDE032R0000008X
E03211X,1,1100,NATUZZI,TAVOLINI,ICON,Rotondo,Da Appoggio,Struttura,Legno e Metallo,Finitura Struttura,Rovere Fumé/Ottone,Top,Legno,Finitura Top,Rovere Affumicato Termocotto,55X55 H56,"ICON Tav.TONDO D55H56Ro.Af/Ot.RO.TER2017",Y2,DDE03200000011X
T15702X,1,1360,NATUZZI,TAVOLINI,IDO,Quadrato,Da Appoggio,Struttura,Metallo,Finitura Struttura,Peltro,Top,Marmo,Finitura Top,Invisible Gray,40X40 H47,"IDO TAV 40X40H47 INVISIBLE GRAY/PELTRO",Y2,DDE037T0000002X
T157XXT,1,890,NATUZZI,TAVOLINI,IDO,Quadrato,Da Appoggio,Struttura,Metallo,Finitura Struttura,Peltro,Top,Metallo,Finitura Top,Silver Wave,40X40 H47,"IDO ACC.TAB.1 ST.40X40 H47 SIL.WAVE-PEWT",Y2,DDT157SMAV6315P
T157XYT,1,750,NATUZZI,TAVOLINI,IDO,Quadrato,Da Appoggio,Struttura,Metallo,Finitura Struttura,Peltro,Top,Marmo,Finitura Top,Oro Calacatta,40X40 H47,"IDO ACC.TAB.1 ST.40X40 H47 CAL.GOLD-PEWT",Y2,DDT157SMAV6915P
T15701X,1,1850,NATUZZI,TAVOLINI,IDO,Rotondo,Da Appoggio,Struttura,Metallo,Finitura Struttura,Peltro,Top,Marmo,Finitura Top,Invisible Gray,55X55 H56,"IDO TAV D55 H56 INVISIBLE GRAY/PELTRO",Y2,DDE037T0000001X
T157M53,1,1770,NATUZZI,TAVOLINI,IDO,Rotondo,Centrale,Struttura,Metallo,Finitura Struttura,Peltro,Top,Metallo,Finitura Top,Cromo Nero,90X90 H39,"IDO CENTR.TAB.D90H39 GL.BLACK CHROM-PEWT",Y2,DDT157CFRMA815P
T157XYS,1,1040,NATUZZI,TAVOLINI,IDO,Rotondo,Da Appoggio,Struttura,Metallo,Finitura Struttura,Peltro,Top,Marmo,Finitura Top,Oro Calacatta,55X55 H56,"IDO ACC.TAB.4 ST.D55H56 CALA.GOLD-PEWTER",Y2,DDT157SMAM6915P
T1630X7,1,3080,NATUZZI,TAVOLINI,KENDO,Quadrato,Centrale,Struttura,Legno e Metallo,Finitura Struttura,Rovere Fumé/Ottone,Top,Legno,Finitura Top,Rovere Fumé/Ottone,100X100 H26,"KENDO Cent.100x100H26 Sm.Oak/Brass",Y2,DDT16300000007X
T163MN3,1,4160,NATUZZI,TAVOLINI,KENDO,Rettangolare,Centrale,Struttura,Metallo,Finitura Struttura,Peltro,Top,Legno,Finitura Top,Noce,90X160 H26,"KENDO CENTR.TAB.160X90 H26 WALNUT-PEWTER",Y2,DDT163CFRL6304P
T163MR3,1,3950,NATUZZI,TAVOLINI,KENDO,Rettangolare,Centrale,Struttura,Metallo,Finitura Struttura,Ottone,Top,Legno,Finitura Top,Rovere Fumé,90X160 H26,"KENDO CENTR.TAB.160X90 H26 SMOKED OAK-OT",Y2,DDT163CFRL6312P
T163MRS,1,1670,NATUZZI,TAVOLINI,KENDO,Rettangolare,Da Appoggio,Struttura,Metallo,Finitura Struttura,Ottone,Top,Legno,Finitura Top,Rovere Fumé,38X53 H50,"KENDO ACCENT TAB.53X38 H50 SMOKED OAK-BR",Y2,DDT163SFRL6312P
Q466002XNA,1,1910,NATUZZI,TAVOLINI,KUBIKA,Quadrato,Centrale con Cassetto,Struttura,Legno,Finitura Struttura,Rovere Fumé,Top,Legno,Finitura Top,Rovere Fumé,102X102 H38,"Kubika w/drawer Smok.Oak L102P102H39",Y2,Q466002XNA
T140V00,1,1250,NATUZZI,TAVOLINI,LABIRINTO,Quadrato,Angolare,Struttura,Vetro,Finitura Struttura,Fumé,Top,,Finitura Top,,60X60 H70,"LABIRINTO CORNER TABLE 60X60 H70 SMOKED",Y2,DDT140AVT06300P
T140V04,1,1350,NATUZZI,TAVOLINI,LABIRINTO,Quadrato,Centrale,Struttura,Vetro,Finitura Struttura,Fumé,Top,,Finitura Top,,100X100 H34,"LABIRINTO CENT.TABLE 100X100 H34 SMOKED",Y2,DDT140CVTV6300P
T140VM0,1,1250,NATUZZI,TAVOLINI,LABIRINTO,Quadrato,Angolare,Struttura,Vetro,Finitura Struttura,Bronzo,Top,,Finitura Top,,60X60 H70,"LABIRINTO CORNER TABLE 60X60 H70 BRONZE",Y2,DDT140AVT02400P
T140VM4,1,1350,NATUZZI,TAVOLINI,LABIRINTO,Quadrato,Centrale,Struttura,Vetro,Finitura Struttura,Bronzo,Top,,Finitura Top,,100X100 H34,"LABIRINTO CENT.TABLE 100X100 H34 BRONZE",Y2,DDT140CVTV2400P
T140VX4,1,1350,NATUZZI,TAVOLINI,LABIRINTO,Quadrato,Centrale,Struttura,Vetro,Finitura Struttura,Trasparente,Top,,Finitura Top,,100X100 H34,"LABIRINTO CENT.TABLE 100X100 H34 CRYSTAL",Y2,DDT140CVTV0000P
T140V03,1,1330,NATUZZI,TAVOLINI,LABIRINTO,Rettangolare,Centrale,Struttura,Vetro,Finitura Struttura,Fumé,Top,,Finitura Top,,85X125 H34,"LABIRINTO CENTRAL TAB.85X125 H34 SMOKED",Y2,DDT140CVT06300P
T140VM3,1,1330,NATUZZI,TAVOLINI,LABIRINTO,Rettangolare,Centrale,Struttura,Vetro,Finitura Struttura,Bronzo,Top,,Finitura Top,,85X125 H34,"LABIRINTO CENTRAL TAB.85X125 H34 BRONZE",Y2,DDT140CVT02400P
T140VX3,1,1330,NATUZZI,TAVOLINI,LABIRINTO,Rettangolare,Centrale,Struttura,Vetro,Finitura Struttura,Trasparente,Top,,Finitura Top,,85X125 H34,"LABIRINTO CENTRAL TAB.85X125 H34 CRYSTAL",Y2,DDT140CVT00000P
T151M0S,1,450,NATUZZI,TAVOLINI,LONG BEACH,Rettangolare,Da Appoggio,Struttura,Metallo,Finitura Struttura,Antracite,Top,Legno,Finitura Top,Rovere Fumé,35X42 H51,"LONG BEACH ACC.TAB.42X35 H51 SM.OAK-ANTH",Y2,DDT151SFRL6312P
T058V00,1,310,NATUZZI,TAVOLINI,MERCURIO,Quadrato,Angolare,Struttura,Vetro,Finitura Struttura,Fumé,Top,,Finitura Top,,60X60 H45,"MERCURIO CORNER TABLE 60X60 H45 SMOKED",Y2,DDT058AVT06300P
T058VH1,1,320,NATUZZI,TAVOLINI,MERCURIO,Quadrato,Angolare,Struttura,Vetro,Finitura Struttura,Trasparente,Top,,Finitura Top,,60X60 H45,"MERCURIO CORNER TABLE 60X60 H45 TRASPAR.",Y2,DDT058AVT06000P
T058V03,1,335,NATUZZI,TAVOLINI,MERCURIO,Rettangolare,Centrale,Struttura,Vetro,Finitura Struttura,Fumé,Top,,Finitura Top,,52X111 H40,"MERCURIO CENTRAL TABLE 111X52 H40 SMOKED",Y2,DDT058CVT06300P
T058VX3,1,300,NATUZZI,TAVOLINI,MERCURIO,Rettangolare,Centrale,Struttura,Vetro,Finitura Struttura,Trasparente,Top,Vetro,Finitura Top,Trasparente,52X111 H40,"MERCURIO CENTRAL 111x52 H40 CRISTA",Y2,DDT058CVT00000P
Q083001XNA,1,3210,NATUZZI,TAVOLINI,MINDFUL,Multiforme,Centrale,Struttura,Legno Laccato,Finitura Struttura,Cioccolato,Top,Legno Laccato,Finitura Top,Cioccolato,88X125 H46,"MINDFUL  Tab.with  Func.Cioc.Opaco",Y2,Q083001XNA
Q083002XNA,1,1290,NATUZZI,TAVOLINI,MINDFUL,Quadrato,Da Appoggio,Struttura,Legno Laccato,Finitura Struttura,Cioccolato,Top,Legno Laccato,Finitura Top,Cioccolato,45X45 H55,"MINDFUL  Tab.Accent Cioc.Opaco",Y2,Q083002XNA
Q983001XNA,1,680,NATUZZI,TAVOLINI,MOMENTO,Rettangolare,Laterale,Struttura,Legno,Finitura Struttura,Rovere Fumé,Top,Legno,Finitura Top,Rovere Fumé,96X36 H48,"Momento Side Tab.Smoked Oak L96x36H48",Y2,Q983001XNA
T879001XNA,1,2260,NATUZZI,TAVOLINI,PATIO,Quadrato,Centrale,Struttura,Vetro/Metallo,Finitura Struttura,Trasparente,Top,Vetro,Finitura Top,Trasparente,90X90 H26,"PATIO Cent.Sq.90X90H26 StopsolGlass",Y2,T879001XNA
Q984001XNA,1,1920,NATUZZI,TAVOLINI,ROLL,Rettangolare,Centrale con Ruote,Struttura,Legno,Finitura Struttura,Rovere Grafite,Top,Legno,Finitura Top,Rovere Grafite,80X120 H40,"ROLL Multif.Tab. w/wheels Graph.Oak",Y2,Q984001XNA
E03001X,1,1300,NATUZZI,TAVOLINI,Saturday,Rotondo,Centrale,Struttura,Metallo,Finitura Struttura,Nero Brunito,Top,Legno,Finitura Top,Rovere Fumé,70X70 H35,"SATURDAY TAVOLINO D70 ROV2017NEROBRUN",Y2,DDE030T0000001X
E03003X,1,950,NATUZZI,TAVOLINI,Saturday,Rotondo,Angolare,Struttura,Metallo,Finitura Struttura,Nero Brunito,Top,Legno Laccato,Finitura Top,Antracite Lucido,52X52 H45,"SATURDAY TAV D52 ANTRAClucNERObrun",Y2,DDE030T0000003X
E03004X,1,950,NATUZZI,TAVOLINI,Saturday,Rotondo,Angolare,Struttura,Metallo,Finitura Struttura,Nero Brunito,Top,Legno Laccato,Finitura Top,Gesso Bianco Lucido,52X52 H45,"SATURDAY TAV D52 BIANCGESSOlucNERObrun",Y2,DDE030T0000004X
E03006X,1,710,NATUZZI,TAVOLINI,Saturday,Rotondo,Da Appoggio,Struttura,Metallo,Finitura Struttura,Nero Brunito,Top,Resina,Finitura Top,Base Acciaio Cemento,38X38 H40,"SATURDAY TAV D38 RESINACEMENTO/NEROBR",Y2,DDE030T0000006X
E04301X,1,2350,NATUZZI,TAVOLINI,Skyline,Quadrato,Centrale,Struttura,Metallo,Finitura Struttura,Cromo Nero Lucido,Top,Granito Nero,Finitura Top,,85X85 H22,"SKYLINE Tav 85x85 CromNe/Granit ne",Y2,DDE04300000001X
E04302X,1,2350,NATUZZI,TAVOLINI,Skyline,Quadrato,Centrale,Struttura,Metallo,Finitura Struttura,Cromato Lucido,Top,Marmo Calacatta,Finitura Top,,85X85 H22,"SKYLINE Tav 85x85 Cromo/Calacat op",Y2,DDE04300000002X
E04305X,1,2610,NATUZZI,TAVOLINI,Skyline,Quadrato,Centrale,Struttura,Metallo,Finitura Struttura,Grafite Opaco,Top,Marmo,Finitura Top,Invisible Gray,85X85 H22,"Skyline Grafite/Invisible Gray L85x85",Y2,DDE04300000005X
E04303X,1,2370,NATUZZI,TAVOLINI,Skyline,Rettangolare,Centrale,Struttura,Metallo,Finitura Struttura,Cromo Nero Lucido,Top,Granito Nero,Finitura Top,,40X106 H40,"SKYLINE Tav 106x40 CromNe/Gran. Ne",Y2,DDE04300000003X
E04304X,1,2370,NATUZZI,TAVOLINI,Skyline,Rettangolare,Centrale,Struttura,Metallo,Finitura Struttura,Cromato Lucido,Top,Marmo Calacatta,Finitura Top,,40X106 H40,"SKYLINE Tav 106x40 Crom/Calacat op",Y2,DDE04300000004X
E04306X,1,2110,NATUZZI,TAVOLINI,Skyline,Rettangolare,Centrale,Struttura,Metallo,Finitura Struttura,Grafite Opaco,Top,Marmo,Finitura Top,Invisible Gray,106X40 H40,"Skyline Grafite/Invisible Gray L106x40",Y2,DDE04300000006X
Q124001XNA,1,2850,NATUZZI,TAVOLINI,SPLASH,Multiforme,Centrale,Struttura,Metallo,Finitura Struttura,Viola,Top,Marmo,Finitura Top,Marmo Lilac,96X100 H35,"Splash Plum/Lilac Marble L100 P96 H35",Y2,Q124001XNA
Q124002XNA,1,1800,NATUZZI,TAVOLINI,SPLASH,Multiforme,Da Appoggio,Struttura,Metallo,Finitura Struttura,Viola,Top,Marmo,Finitura Top,Marmo Lilac,61X70 H45,"Splash Plum/Lilac Marble L70 P61 H45",Y2,Q124002XNA
Q124003XNA,1,3140,NATUZZI,TAVOLINI,SPLASH,Multiforme,Centrale,Struttura,Metallo,Finitura Struttura,Verde Scuro,Top,Marmo,Finitura Top,Verde Calacatta,100X96 H35,"Splash Green/Calacatta Green L100 P96",Y2,Q124003XNA
Q124004XNA,1,1990,NATUZZI,TAVOLINI,SPLASH,Multiforme,Da Appoggio,Struttura,Metallo,Finitura Struttura,Verde Scuro,Top,Marmo,Finitura Top,Verde Calacatta,70X61 H45,"Splash Green/Calacatta Green L70 P61 H45",Y2,Q124004XNA
Q124005XNA,1,2980,NATUZZI,TAVOLINI,SPLASH,Multiforme,Centrale,Struttura,Metallo,Finitura Struttura,Caffè Opaco,Top,Marmo,Finitura Top,Volakas,100X96 H35,"Splash Caffe'/Volakas  L100 P96 H35",Y2,Q124005XNA
Q124006XNA,1,1890,NATUZZI,TAVOLINI,SPLASH,Multiforme,Da Appoggio,Struttura,Metallo,Finitura Struttura,Caffè Opaco,Top,Marmo,Finitura Top,Volakas,70X61 H45,"Splash Caffe'/Volakas L70 P61 H45",Y2,Q124006XNA
Q092003XNA,1,1580,NATUZZI,TAVOLINI,SQUARE,Rettangolare,Centrale con Ruote,Struttura,Legno,Finitura Struttura,Rovere Fumé,Top,Legno,Finitura Top,Rovere Fumé,120X76 H43,"Square Multif.Tab. w/wheels SmokedOak",Y2,Q092003XNA
Q092004XNA,1,1580,NATUZZI,TAVOLINI,SQUARE,Rettangolare,Centrale con Ruote,Struttura,Legno,Finitura Struttura,Legno Frassino Tabacco,Top,Legno,Finitura Top,Legno Frassino Tabacco,120X76 H43,"Square Multif.Tab. w/wheels AshwoodTobac",Y2,Q092004XNA
Q092007XNA,1,1500,NATUZZI,TAVOLINI,SQUARE,Rettangolare,Centrale con Ruote,Struttura,Legno,Finitura Struttura,Rovere Grafite,Top,Legno,Finitura Top,Rovere Grafite,120X76 H48,"Square Multif.Tab. w/wheels Graph.Oak",Y2,Q092007XNA
Q123001XNA,1,4700,NATUZZI,TAVOLINI,TEMPIO,Rettangolare,Centrale,Struttura,Marmo,Finitura Struttura,Travertino Bianco,Top,Marmo,Finitura Top,Travertino Bianco,100X155 H34,"Tempio Marble Travertino L155 W100 H34",Y2,Q123001XNA
Q123002XNA,1,1810,NATUZZI,TAVOLINI,TEMPIO,Rettangolare,Centrale,Struttura,Legno,Finitura Struttura,Rovere Fumé,Top,Legno,Finitura Top,Rovere Fumé,100X155 H34,"Tempio Smoked Oak L155 W100 H34",Y2,Q123002XNA
Q123003XNA,1,3170,NATUZZI,TAVOLINI,TEMPIO,Rotondo,Centrale,Struttura,Marmo,Finitura Struttura,Travertino Bianco,Top,Marmo,Finitura Top,Travertino Bianco,100X100 H34,"Tempio Round White Travertino D100cm",Y2,Q123003XNA
Q123004XNA,1,3960,NATUZZI,TAVOLINI,TEMPIO,Rotondo,Centrale,Struttura,Marmo,Finitura Struttura,Travertino Bianco,Top,Marmo,Finitura Top,Travertino Bianco,130X130 H34,"Tempio Round White Travertino D130cm",Y2,Q123004XNA
Q123005XNA,1,1480,NATUZZI,TAVOLINI,TEMPIO,Rotondo,Angolare,Struttura,Marmo,Finitura Struttura,Travertino Bianco,Top,Marmo,Finitura Top,Travertino Bianco,66X66 H45,"Tempio Accent White Travertino D66 cm",Y2,Q123005XNA
Q123007XNA,1,1520,NATUZZI,TAVOLINI,TEMPIO,Rotondo,Centrale,Struttura,Legno,Finitura Struttura,Rovere Fumé,Top,Legno,Finitura Top,Rovere Fumé,100X100 H34,"Tempio Round Smoked Oak D100 cm",Y2,Q123007XNA
Q123008XNA,1,1770,NATUZZI,TAVOLINI,TEMPIO,Rotondo,Centrale,Struttura,Legno,Finitura Struttura,Rovere Fumé,Top,Legno,Finitura Top,Rovere Fumé,130X130 H34,"Tempio Round Smoked Oak D130 cm",Y2,Q123008XNA
Q123009XNA,1,1120,NATUZZI,TAVOLINI,TEMPIO,Rotondo,Angolare,Struttura,Legno,Finitura Struttura,Rovere Fumé,Top,Legno,Finitura Top,Rovere Fumé,66X66 H45,"Tempio Accent  Smoked Oak D66 cm",Y2,Q123009XNA
Q123010XNA,1,1440,NATUZZI,TAVOLINI,TEMPIO,Rotondo,Centrale,Struttura,Legno,Finitura Struttura,Noce,Top,Legno,Finitura Top,Noce,100X155 H34,"Tempio Round Walnut D100 cm",Y2,Q123010XNA
Q123011XNA,1,1690,NATUZZI,TAVOLINI,TEMPIO,Rotondo,Centrale,Struttura,Legno,Finitura Struttura,Noce,Top,Legno,Finitura Top,Noce,130X130 H34,"Tempio Round Walnut D130 cm",Y2,Q123011XNA
Q123012XNA,1,1040,NATUZZI,TAVOLINI,TEMPIO,Rotondo,Angolare,Struttura,Legno,Finitura Struttura,Noce,Top,Legno,Finitura Top,Noce,66X66 H45,"Tempio Accent  Walnut D66 cm",Y2,Q123012XNA
T13401X,1,900,NATUZZI,TAVOLINI,TEMPO,Quadrato,Centrale,Struttura,Metallo,Finitura Struttura,Antracite,Top,Legno,Finitura Top,Rovere Fumé,90X90 H38,"TEMPO Centr.90x90H38 Anthr/Sm.Oak",Y2,DDT13400000001X
T13403X,1,2080,NATUZZI,TAVOLINI,TEMPO,Quadrato,Centrale,Struttura,Metallo,Finitura Struttura,Antracite,Top,Marmo,Finitura Top,Marmo Lilac,90X90 H38,"TEMPO Centr.90x90H38 Anthr/Lilac",Y2,DDT13400000003X
T134M04,1,1610,NATUZZI,TAVOLINI,TEMPO,Rettangolare,Centrale,Struttura,Metallo,Finitura Struttura,Antracite,Top,Metallo,Finitura Top,Nickel Silver,73X118 H39,"TEMPO CENT.TAB.118X73 H39 DARK GREY-SILV",Y2,DDT134CFRM2315P
T134M05,1,1720,NATUZZI,TAVOLINI,TEMPO,Rettangolare,Centrale,Struttura,Metallo,Finitura Struttura,Antracite,Top,Metallo,Finitura Top,Nickel Silver,70X148 H25,"TEMPO CENT.TAB.148X70 H25 DARK GREY-SILV",Y2,DDT134CFRV2315P
T134MM5,1,860,NATUZZI,TAVOLINI,TEMPO,Rettangolare,Centrale,Struttura,Metallo,Finitura Struttura,Antracite,Top,Vetro,Finitura Top,Caffè Smaltato,70X148 H25,"TEMPO TAV.CENT.148X70 H25 ANTR.VET.CAFFE",Y2,DDT134CFR16324P
T134MM7,1,790,NATUZZI,TAVOLINI,TEMPO,Rettangolare,Centrale,Struttura,Metallo,Finitura Struttura,Antracite,Top,Vetro,Finitura Top,Caffè Smaltato,73X118 H39,"TEMPO TAV.CENTR.118X73 H39 ANTR.VET.CAFF",Y2,DDT134CFRW6324P
T134MX3,1,1900,NATUZZI,TAVOLINI,TEMPO,Rettangolare,Centrale,Struttura,Metallo,Finitura Struttura,Antracite,Top,Marmo,Finitura Top,Oro Calacatta Lucido,73X118 H39,"TEMPO TAV.CENT.118X73 H39 ANTR.CALAC.ORO",Y2,DDT134CFR26363P
T134MXS,1,990,NATUZZI,TAVOLINI,TEMPO,Rettangolare,Da Appoggio,Struttura,Metallo,Finitura Struttura,Antracite,Top,Metallo,Finitura Top,Nickel Silver,46X56 H50,"TEMPO ACCENT 56X46 H50 DARK GREY-SILVER",Y2,DDT134SFR26363P
T134XX3,1,2130,NATUZZI,TAVOLINI,TEMPO,Rettangolare,Centrale,Struttura,Metallo,Finitura Struttura,Antracite,Top,Marmo,Finitura Top,Oro Calacatta Lucido,70X148 H25,"TEMPO TAV.CENT.148X70 H25 ANTR.CALAC.ORO",Y2,DDT134CFRW6363P
T845006XNA,1,1050,NATUZZI,TAVOLINI,VOYAGE,Multiforme,Centrale,Struttura,Metallo,Finitura Struttura,Oro,Top,Metallo,Finitura Top,Oro,67X53 H41,"VOYAGE Mag.Rack 53x67H41 Gold",Y2,T845006XNA
T845004XNA,1,2890,NATUZZI,TAVOLINI,VOYAGE,Rotondo,Centrale,Struttura,Metallo,Finitura Struttura,Oro,Top,Marmo,Finitura Top,Stardust,100X100 H44,"VOYAGE CentrD100H44 Gold/Stardust St.",Y2,T845004XNA
T845005XNA,1,2710,NATUZZI,TAVOLINI,VOYAGE,Rotondo,Centrale,Struttura,Metallo,Finitura Struttura,Oro,Top,Vetro,Finitura Top,Oro & Vetro,100X100 H44,"VOYAGE Centr.D100H44 Gold&Glass",Y2,T845005XNA
Q123006XNA,1,3860,NATUZZI,TAVOLINI,TEMPIO,Rettangolare,Centrale,Struttura,Marmo,Finitura Struttura,Bianco Carrara,Top,Marmo,Finitura Top,Bianco Carrara,100X155 H34,"Tempio Rectrangular Marble Carrara L155",Y0,Q123006XNA